ContractID,LocationID,LocationName,LocationGroup,IsPrimary,IsTenant,ISOBIN,InceptionDate,ExpirationDate,Street,City,County,SubArea2,State,CRESTA,PostalCode,COUNTRYISO,Latitude,Longitude,BuildingValue,OtherValue,ContentsValue,TimeElementValue,DaysCovered,Currency,RiskCount,LocPremium,ConstructionCodeType,ConstructionCode,ConstructionOther,OccupancyCodeType,OccupancyCode,YearBuilt,NumberOfStories,GrossArea,GrossAreaUnit,LocPerils1,LocLimitType1,LimitBldg1,LimitOther1,LimitContent1,LimitTime1,DeductType1,DeductBldg1,DeductOther1,DeductContent1,DeductTime1,SublimitArea1,LocPerils2,LocLimitType2,LimitBldg2,LimitOther2,LimitContent2,LimitTime2,DeductType2,DeductBldg2,DeductOther2,DeductContent2,DeductTime2,SublimitArea2,LocPerils3,LocLimitType3,LimitBldg3,LimitOther3,LimitContent3,LimitTime3,DeductType3,DeductBldg3,DeductOther3,DeductContent3,DeductTime3,SublimitArea3,LocPerils4,LocLimitType4,LimitBldg4,LimitOther4,LimitContent4,LimitTime4,DeductType4,DeductBldg4,DeductOther4,DeductContent4,DeductTime4,SublimitArea4,LocPerils5,LocLimitType5,LimitBldg5,LimitOther5,LimitContent5,LimitTime5,DeductType5,DeductBldg5,DeductOther5,DeductContent5,DeductTime5,SublimitArea5,FloorOfInterest,FloorArea,FloorAreaUnitCode,FloorsOccupied,BuildingCondition,BuildingShape,Torsion,SoftStory,ShapeIrregularity,SpecialConstruction,Retrofit,ShortColumn,Ornamentation,WaterHeater,Redundancy,TallOneStory,Equipment,SealofApproval,IsValueType,LatticeType,MultiStoryHallType,Welding,BasementLevelCount,BasementFinishType,FirstFloorHeight,ServiceEquipmentProtection,FIRMCompliance,ContentVulnerability,Certified Structures (IBHS),Fire Sprinklers,RoofGeometry,RoofPitch,RoofCover,RoofDeck,RoofCoverAttachment,RoofDeckAttachment,RoofAnchorage,RoofYearBuilt,Tanks,RoofHailImpactResistance,Chimney,WallType,WallSiding,GlassType,GlassPercent,WindowProtection,ExternalDoors,BuildingExteriorOpenings,BrickVeneer,RoofAttachedStructure,TransitionInSRC,ColdFormedtube,ColumnBasement,FoundationConnection,FoundationType,InternalPartition,AttachedStructures,AppurtenantStructures,Pounding,TreeExposure,SmallDebris,LargeMissile,TerrainRoughness,AdjacentBuildingHeight,CustomFloodSOP,CustomFloodZone,CustomElevation,BaseFloodElevation,ProjectCompletion,ProjectPhaseCode,UDF1,UDF2,UDF3,UDF4,UDF5,MSB_Occupancy_Mapping,MSB_Construction_mapping,MSB_Building_Value,MSB_Value_Per_Sq_Ft,MSB $ Deviation,MSB % Deviation,Location_sent,Parameter_for_No,Location_ID,Report_ID,Elevation,FloodScopeDepth,FloodScopeRtp,HeightAboveInlandWater,HeightAboveOcean,HeightOfMinSurge,InlandWaterDistance,IsInCoverage,MinStormCat,OceanDistance,RiskScore,StormFrequency,SurgeCat0Height,SurgeCat1Height,SurgeCat2Height,SurgeCat3Height,SurgeCat4Height,SurgeCat5Height,SurgeFloodDepth,WorldFloodDepth,WorldFloodRtp,heightAboveFloodScope100,floodScope100Distance,Indicator,Error
2023_ Salt River Pima,1,SRPMIC,,,,,7/1/2023,7/1/2024,10040 OSBORN,SCOTTSDALE,Maricopa,,AZ,,85256,US,33.488247,-111.86405,41067660.18,,6418260.949,11181822.67,365,USD,1,,AIR,131,,AIR,1001,2017,3,66000,SQFT,PEF+PES+PSL,,,,,,,,,,,EQ_ALL OTHER,PSH+PWH,,,,,,,,,,,WS_ALL OTHER,PFL,,,,,,,,,,,Flood_All,PNC,,,,,,,,,,,FR_All,,,,,,,,,,,,,,,,,,0,0,0,,,,0,,,0,,0,,,,,,,,,0,,,,1,0,,0,,,0,0,0,,,,0,0,,,,0,,,,,,,,,,,0,0,,,,,,,,,,,,All Other,All Other,,,,2600,6,20018784.81,303.3149214,-21048875.36,-51.25413835,Yes,,21324331,ESTIMATE-1319504,380.907,0,,0.413,,,952.134,1,Outside Coverage Area,,32,,,,,,,,0,0,,-1.263,1015.579,Ecopia,
2023_ Salt River Pima,2,SRPMIC,,,,,7/1/2023,7/1/2024,10047 OSBORN,SCOTTSDALE,Maricopa,,AZ,,85256,US,33.48719,-111.864044,4692104.223,,967692.0081,1332749.504,365,USD,1,,AIR,111,,AIR,317,,0,0,SQFT,PEF+PES+PSL,,,,,,,,,,,EQ_ALL OTHER,PSH+PWH,,,,,,,,,,,WS_ALL OTHER,PFL,,,,,,,,,,,Flood_All,PNC,,,,,,,,,,,FR_All,,,,,,,,,,,,,,,,,,0,0,0,,,,0,,,0,,0,,,,,,,,,0,,,,0,0,,0,,,0,0,0,,,,0,0,,,,0,,,,,,,,,,,0,0,,,,,,,,,,,,All Other,All Other,,,,,,,,,,No,Invalid Floor Area,,,379.518,0,,0.516,,,952.568,1,Outside Coverage Area,,32,,,,,,,,0,0,,-2.652,1098.379,Ecopia,
2023_ Salt River Pima,3,SRPMIC,,,,,7/1/2023,7/1/2024,10061 OSBORN,SCOTTSDALE,Maricopa,,AZ,,85256,US,33.48719,-111.864044,36029623.07,,3632531.693,9339508.866,365,USD,1,,AIR,152,,AIR,315,2009,0,90931,SQFT,PEF+PES+PSL,,,,,,,,,,,EQ_ALL OTHER,PSH+PWH,,,,,,,,,,,WS_ALL OTHER,PFL,,,,,,,,,,,Flood_All,PNC,,,,,,,,,,,FR_All,,,,,,,,,,,,,,,,,,0,0,0,,,,0,,,0,,0,,,,,,,,,0,,,,0,0,,0,,,0,0,0,,,,0,0,,,,0,,,,,,,,,,,0,0,,,,,,,,,,,,All Other,All Other,,,,2100,3,18111719.69,199.1809139,-17917903.39,-49.73103202,Yes,,21324332,ESTIMATE-1319504,379.518,0,,0.516,,,952.568,1,Outside Coverage Area,,32,,,,,,,,0,0,,-2.652,1098.379,Ecopia,
2023_ Salt River Pima,4,SRPMIC,,,,,7/1/2023,7/1/2024,10079 OSBORN,SCOTTSDALE,Maricopa,,AZ,,85256,US,33.48703,-111.86342,24498140.76,,3119836.512,6503387.047,365,USD,1,,AIR,152,,AIR,362,2009,0,60837,SQFT,PEF+PES+PSL,,,,,,,,,,,EQ_ALL OTHER,PSH+PWH,,,,,,,,,,,WS_ALL OTHER,PFL,,,,,,,,,,,Flood_All,PNC,,,,,,,,,,,FR_All,,,,,,,,,,,,,,,,,,0,0,0,,,,0,,,0,,0,,,,,,,,,0,,,,0,0,,0,,,0,0,0,,,,0,0,,,,0,,,,,,,,,,,0,0,,,,,,,,,,,,All Other,All Other,,,,,,,,,,No,Occupancy mapping does not exist in master table ,,,379.554,0,,0.562,,,1010.541,1,Outside Coverage Area,,32,,,,,,,,0,0,,-2.616,1151.374,Ecopia,
2023_ Salt River Pima,5,SRPMIC,,,,,7/1/2023,7/1/2024,10091 OSBORN,SCOTTSDALE,Maricopa,,AZ,,85256,US,33.48703,-111.86342,7238277.579,,753247.7079,1881817.105,365,USD,1,,AIR,111,,AIR,315,,0,0,SQFT,PEF+PES+PSL,,,,,,,,,,,EQ_ALL OTHER,PSH+PWH,,,,,,,,,,,WS_ALL OTHER,PFL,,,,,,,,,,,Flood_All,PNC,,,,,,,,,,,FR_All,,,,,,,,,,,,,,,,,,0,0,0,,,,0,,,0,,0,,,,,,,,,0,,,,0,0,,0,,,0,0,0,,,,0,0,,,,0,,,,,,,,,,,0,0,,,,,,,,,,,,All Other,All Other,,,,,,,,,,No,Invalid Floor Area,,,379.554,0,,0.562,,,1010.541,1,Outside Coverage Area,,32,,,,,,,,0,0,,-2.616,1151.374,Ecopia,
2023_ Salt River Pima,6,SRPMIC,,,,,7/1/2023,7/1/2024,10121 OSBORN,SCOTTSDALE,Maricopa,,AZ,,85256,US,33.487125,-111.8625,3466082.232,,236566.9404,871887.1926,365,USD,1,,AIR,111,,AIR,343,1976,0,15300,SQFT,PEF+PES+PSL,,,,,,,,,,,EQ_ALL OTHER,PSH+PWH,,,,,,,,,,,WS_ALL OTHER,PFL,,,,,,,,,,,Flood_All,PNC,,,,,,,,,,,FR_All,,,,,,,,,,,,,,,,,,0,0,0,,,,0,,,0,,0,,,,,,,,,0,,,,0,0,,0,,,0,0,0,,,,0,0,,,,0,,,,,,,,,,,0,0,,,,,,,,,,,,All Other,All Other,,,,2600,2,3903120.088,255.1058881,437037.8564,12.60898695,Yes,,21324333,ESTIMATE-1319504,380.122,0,,1.122,,,1096.054,1,Outside Coverage Area,,32,,,,,,,,0,0,,-2.048,1205.881,Ecopia,
2023_ Salt River Pima,7,SRPMIC,,,,,7/1/2023,7/1/2024,10128 EARLL,SCOTTSDALE,Maricopa,,AZ,,85256,US,33.484802,-111.86261,823845.9056,,103278.401,218316.0681,365,USD,1,,AIR,191,,AIR,343,1976,0,5700,SQFT,PEF+PES+PSL,,,,,,,,,,,EQ_ALL OTHER,PSH+PWH,,,,,,,,,,,WS_ALL OTHER,PFL,,,,,,,,,,,Flood_All,PNC,,,,,,,,,,,FR_All,,,,,,,,,,,,,,,,,,0,0,0,,,,0,,,0,,0,,,,,,,,,0,,,,1,0,,0,,,0,0,0,,,,0,0,,,,0,,,,,,,,,,,0,0,,,,,,,,,,,,All Other,All Other,,,,,,,,,,No,Construction mapping does not exist in master table ,,,378.751,0,,0.522,,,1085.563,1,Outside Coverage Area,,32,,,,,,,,0,0,,-3.419,1385.322,Ecopia,
2023_ Salt River Pima,8,SRPMIC,,,,,7/1/2023,7/1/2024,10133 OSBORN,SCOTTSDALE,Maricopa,,AZ,,85256,US,33.48728,-111.861984,342477.2829,,153387.9973,116764.6641,365,USD,1,,AIR,101,,AIR,1002,1997,0,500,SQFT,PEF+PES+PSL,,,,,,,,,,,EQ_ALL OTHER,PSH+PWH,,,,,,,,,,,WS_ALL OTHER,PFL,,,,,,,,,,,Flood_All,PNC,,,,,,,,,,,FR_All,,,,,,,,,,,,,,,,,,0,0,0,,,,0,,,0,,0,,,,,,,,,0,,,,0,0,,0,,,0,0,0,,,,0,0,,,,0,,,,,,,,,,,0,0,,,,,,,,,,,,All Other,All Other,,,,2600,1,196817.9625,393.6359249,-145659.3204,-42.53108971,Yes,,21324334,ESTIMATE-1319504,380.296,0,,1.25,,,1144.027,1,Outside Coverage Area,,32,,,,,,,,0,0,,-1.874,1230.74,Ecopia,
2023_ Salt River Pima,9,SRPMIC,,,,,7/1/2023,7/1/2024,10134 EARLL,SCOTTSDALE,Maricopa,,AZ,,85256,US,33.484314,-111.86243,320615.0943,,9870.60915,77821.64572,365,USD,1,,AIR,100,,AIR,343,,0,1900,SQFT,PEF+PES+PSL,,,,,,,,,,,EQ_ALL OTHER,PSH+PWH,,,,,,,,,,,WS_ALL OTHER,PFL,,,,,,,,,,,Flood_All,PNC,,,,,,,,,,,FR_All,,,,,,,,,,,,,,,,,,0,0,0,,,,0,,,0,,0,,,,,,,,,0,,,,0,0,,0,,,0,0,0,,,,0,0,,,,0,,,,,,,,,,,0,0,,,,,,,,,,,,All Other,All Other,,,,,,,,,,No,Construction mapping does not exist in master table ,,,378.368,0,,0.18,,,1102.236,1,Outside Coverage Area,,32,,,,,,,,0,0,,-3.802,1437.829,Ecopia,
2023_ Salt River Pima,10,SRPMIC,,,,,7/1/2023,7/1/2024,10137 OSBORN,SCOTTSDALE,Maricopa,,AZ,,85256,US,33.486305,-111.86144,1444126.094,,304179.6075,411685.0609,365,USD,1,,AIR,111,,AIR,343,1983,0,7200,SQFT,PEF+PES+PSL,,,,,,,,,,,EQ_ALL OTHER,PSH+PWH,,,,,,,,,,,WS_ALL OTHER,PFL,,,,,,,,,,,Flood_All,PNC,,,,,,,,,,,FR_All,,,,,,,,,,,,,,,,,,0,0,0,,,,0,,,0,,0,,,,,,,,,0,,,,1,0,,0,,,0,0,0,,,,0,0,,,,0,,,,,,,,,,,0,0,,,,,,,,,,,,All Other,All Other,,,,2600,2,1968319.747,273.3777427,524193.6533,36.29832986,Yes,,21324335,ESTIMATE-1319504,379.552,0,,0.697,,,1194.473,1,Outside Coverage Area,,32,,,,,,,,0,0,,-2.618,1339.951,Ecopia,
2023_ Salt River Pima,11,SRPMIC,,,,,7/1/2023,7/1/2024,10140 EARLL,SCOTTSDALE,Maricopa,,AZ,,85256,US,33.48444,-111.862144,165061.6478,,5081.66658,40064.7671,365,USD,1,,AIR,100,,AIR,343,1990,0,600,SQFT,PEF+PES+PSL,,,,,,,,,,,EQ_ALL OTHER,PSH+PWH,,,,,,,,,,,WS_ALL OTHER,PFL,,,,,,,,,,,Flood_All,PNC,,,,,,,,,,,FR_All,,,,,,,,,,,,,,,,,,0,0,0,,,,0,,,0,,0,,,,,,,,,0,,,,0,0,,0,,,0,0,0,,,,0,0,,,,0,,,,,,,,,,,0,0,,,,,,,,,,,,All Other,All Other,,,,,,,,,,No,Construction mapping does not exist in master table ,,,378.315,0,,0.22,,,1128.831,1,Outside Coverage Area,,32,,,,,,,,0,0,,-3.855,1443.894,Ecopia,
2023_ Salt River Pima,12,SRPMIC,,,,,7/1/2023,7/1/2024,10146 EARLL,SCOTTSDALE,Maricopa,,AZ,,85256,US,33.48444,-111.862144,403804.2716,,3104791.141,826192.0755,365,USD,1,,AIR,100,,AIR,317,2013,0,4200,SQFT,PEF+PES+PSL,,,,,,,,,,,EQ_ALL OTHER,PSH+PWH,,,,,,,,,,,WS_ALL OTHER,PFL,,,,,,,,,,,Flood_All,PNC,,,,,,,,,,,FR_All,,,,,,,,,,,,,,,,,,0,0,0,,,,0,,,0,,0,,,,,,,,,0,,,,0,0,,0,,,0,0,0,,,,0,0,,,,0,,,,,,,,,,,0,0,,,,,,,,,,,,All Other,All Other,,,,,,,,,,No,Construction mapping does not exist in master table ,,,378.315,0,,0.22,,,1128.831,1,Outside Coverage Area,,32,,,,,,,,0,0,,-3.855,1443.894,Ecopia,
2023_ Salt River Pima,13,SRPMIC,,,,,7/1/2023,7/1/2024,10150 EARLL,SCOTTSDALE,Maricopa,,AZ,,85256,US,33.484837,-111.86206,929886.3187,,93557.16371,240996.979,365,USD,1,,AIR,111,,AIR,313,1992,0,10000,SQFT,PEF+PES+PSL,,,,,,,,,,,EQ_ALL OTHER,PSH+PWH,,,,,,,,,,,WS_ALL OTHER,PFL,,,,,,,,,,,Flood_All,PNC,,,,,,,,,,,FR_All,,,,,,,,,,,,,,,,,,0,0,0,,,,0,,,0,,0,,,,,,,,,0,,,,1,0,,0,,,0,0,0,,,,0,0,,,,0,,,,,,,,,,,0,0,,,,,,,,,,,,All Other,All Other,,,,8210,2,1230588.279,123.0588279,300701.9605,32.33749701,Yes,,21324336,ESTIMATE-1319504,378.646,0,,0.484,,,1136.684,1,Outside Coverage Area,,32,,,,,,,,0,0,,-3.524,1415.578,Ecopia,
2023_ Salt River Pima,14,SRPMIC,,,,,7/1/2023,7/1/2024,10157 OSBORN,SCOTTSDALE,Maricopa,,AZ,,85256,US,33.48728,-111.861984,1236573.85,,310198.4127,364228.6543,365,USD,1,,AIR,111,,AIR,343,1984,0,7100,SQFT,PEF+PES+PSL,,,,,,,,,,,EQ_ALL OTHER,PSH+PWH,,,,,,,,,,,WS_ALL OTHER,PFL,,,,,,,,,,,Flood_All,PNC,,,,,,,,,,,FR_All,,,,,,,,,,,,,,,,,,0,0,0,,,,0,,,0,,0,,,,,,,,,0,,,,0,0,,0,,,0,0,0,,,,0,0,,,,0,,,,,,,,,,,0,0,,,,,,,,,,,,All Other,All Other,,,,2600,2,1938121.905,272.9749162,701548.0554,56.73321133,Yes,,21324337,ESTIMATE-1319504,380.296,0,,1.25,,,1144.027,1,Outside Coverage Area,,32,,,,,,,,0,0,,-1.874,1230.74,Ecopia,
2023_ Salt River Pima,15,SRPMIC,,,,,7/1/2023,7/1/2024,10163 EARLL,SCOTTSDALE,Maricopa,,AZ,,85256,US,33.484764,-111.863945,248437.9149,,131015.1152,89352.30472,365,USD,1,,AIR,111,,AIR,343,1990,0,2239,SQFT,PEF+PES+PSL,,,,,,,,,,,EQ_ALL OTHER,PSH+PWH,,,,,,,,,,,WS_ALL OTHER,PFL,,,,,,,,,,,Flood_All,PNC,,,,,,,,,,,FR_All,,,,,,,,,,,,,,,,,,0,0,0,,,,0,,,0,,0,,,,,,,,,0,,,,0,0,,0,,,0,0,0,,,,0,0,,,,0,,,,,,,,,,,0,0,,,,,,,,,,,,All Other,All Other,,,,2600,2,708963.329,316.6428446,460525.4142,185.3684106,Yes,,21324338,ESTIMATE-1319504,379.046,0,,0.817,,,961.486,1,Outside Coverage Area,,32,,,,,,,,0,0,,-3.124,1313.051,Ecopia,
2023_ Salt River Pima,16,SRPMIC,,,,,7/1/2023,7/1/2024,10168 EARLL,SCOTTSDALE,Maricopa,,AZ,,85256,US,33.484406,-111.86171,499640.7119,,15382.17716,121275.8325,365,USD,1,,AIR,100,,AIR,314,,0,0,SQFT,PEF+PES+PSL,,,,,,,,,,,EQ_ALL OTHER,PSH+PWH,,,,,,,,,,,WS_ALL OTHER,PFL,,,,,,,,,,,Flood_All,PNC,,,,,,,,,,,FR_All,,,,,,,,,,,,,,,,,,0,0,0,,,,0,,,0,,0,,,,,,,,,0,,,,0,0,,0,,,0,0,0,,,,0,0,,,,0,,,,,,,,,,,0,0,,,,,,,,,,,,All Other,All Other,,,,,,,,,,No,Invalid Floor Area,,,378.382,0,,0.3,,,1169.163,1,Outside Coverage Area,,32,,,,,,,,0,0,,-3.788,1472.97,Ecopia,
2023_ Salt River Pima,17,SRPMIC,,,,,7/1/2023,7/1/2024,10175 EARLL,SCOTTSDALE,Maricopa,,AZ,,85256,US,33.484764,-111.863945,1195848.975,,36815.97668,290263.7367,365,USD,1,,AIR,100,,AIR,312,,0,5400,SQFT,PEF+PES+PSL,,,,,,,,,,,EQ_ALL OTHER,PSH+PWH,,,,,,,,,,,WS_ALL OTHER,PFL,,,,,,,,,,,Flood_All,PNC,,,,,,,,,,,FR_All,,,,,,,,,,,,,,,,,,0,0,0,,,,0,,,0,,0,,,,,,,,,0,,,,0,0,,0,,,0,0,0,,,,0,0,,,,0,,,,,,,,,,,0,0,,,,,,,,,,,,All Other,All Other,,,,,,,,,,No,Construction mapping does not exist in master table ,,,379.046,0,,0.817,,,961.486,1,Outside Coverage Area,,32,,,,,,,,0,0,,-3.124,1313.051,Ecopia,
2023_ Salt River Pima,18,SRPMIC,,,,,7/1/2023,7/1/2024,10177 OSBORN,SCOTTSDALE,Maricopa,,AZ,,85256,US,33.487267,-111.861565,1615104.833,,49723.38739,392028.0684,365,USD,1,,AIR,100,,AIR,1004,2002,0,8500,SQFT,PEF+PES+PSL,,,,,,,,,,,EQ_ALL OTHER,PSH+PWH,,,,,,,,,,,WS_ALL OTHER,PFL,,,,,,,,,,,Flood_All,PNC,,,,,,,,,,,FR_All,,,,,,,,,,,,,,,,,,0,0,0,,,,0,,,0,,0,,,,,,,,,0,,,,0,0,,0,,,0,0,0,,,,0,0,,,,0,,,,,,,,,,,0,0,,,,,,,,,,,,All Other,All Other,,,,,,,,,,No,Construction mapping does not exist in master table ,,,380.293,0,,1.247,,,1182.965,1,Outside Coverage Area,,32,,,,,,,,0,0,,-1.877,1261.711,Ecopia,
2023_ Salt River Pima,19,SRPMIC,,,,,7/1/2023,7/1/2024,10189 OSBORN,SCOTTSDALE,Maricopa,,AZ,,85256,US,33.486305,-111.86144,2891500.47,,2356749.361,1235839.962,365,USD,1,,AIR,111,,AIR,315,2015,0,5577,SQFT,PEF+PES+PSL,,,,,,,,,,,EQ_ALL OTHER,PSH+PWH,,,,,,,,,,,WS_ALL OTHER,PFL,,,,,,,,,,,Flood_All,PNC,,,,,,,,,,,FR_All,,,,,,,,,,,,,,,,,,0,0,0,,,,0,,,0,,0,,,,,,,,,0,,,,1,0,,0,,,0,0,0,,,,0,0,,,,0,,,,,,,,,,,0,0,,,,,,,,,,,,All Other,All Other,,,,2100,2,1132745.774,203.1102339,-1758754.696,-60.82498391,Yes,,21324339,ESTIMATE-1319504,379.552,0,,0.697,,,1194.473,1,Outside Coverage Area,,32,,,,,,,,0,0,,-2.618,1339.951,Ecopia,
2023_ Salt River Pima,20,SRPMIC,,,,,7/1/2023,7/1/2024,10194 EARLL,SCOTTSDALE,Maricopa,,AZ,,85256,US,33.484406,-111.86149,694070.3844,,21367.98176,168468.9852,365,USD,1,,AIR,111,,AIR,329,2015,0,125,SQFT,PEF+PES+PSL,,,,,,,,,,,EQ_ALL OTHER,PSH+PWH,,,,,,,,,,,WS_ALL OTHER,PFL,,,,,,,,,,,Flood_All,PNC,,,,,,,,,,,FR_All,,,,,,,,,,,,,,,,,,0,0,0,,,,0,,,0,,0,,,,,,,,,0,,,,0,0,,0,,,0,0,0,,,,0,0,,,,0,,,,,,,,,,,0,0,,,,,,,,,,,,All Other,All Other,,,,8516,2,85640.51466,685.1241173,-608429.8698,-87.6611196,Yes,,21324340,ESTIMATE-1319504,378.309,0,,0.227,,,1189.609,1,Outside Coverage Area,,32,,,,,,,,0,0,,-3.861,1486.485,Ecopia,
2023_ Salt River Pima,21,SRPMIC,,,,,7/1/2023,7/1/2024,10211 OSBORN,SCOTTSDALE,Maricopa,,AZ,,85256,US,33.48714,-111.86073,311538.7161,,9591.17944,75618.57202,365,USD,1,,AIR,101,,AIR,346,2003,0,1440,SQFT,PEF+PES+PSL,,,,,,,,,,,EQ_ALL OTHER,PSH+PWH,,,,,,,,,,,WS_ALL OTHER,PFL,,,,,,,,,,,Flood_All,PNC,,,,,,,,,,,FR_All,,,,,,,,,,,,,,,,,,0,0,0,,,,0,,,0,,0,,,,,,,,,0,,,,0,0,,0,,,0,0,0,,,,0,0,,,,0,,,,,,,,,,,0,0,,,,,,,,,,,,All Other,All Other,,,,6314,1,373769.0408,259.5618339,62230.32468,19.97514962,Yes,,21324341,ESTIMATE-1319504,380.151,0,,1.151,,,1260.553,1,Outside Coverage Area,,32,,,,,,,,0,0,,-2.019,1331.459,Ecopia,
2023_ Salt River Pima,22,SRPMIC,,,,,7/1/2023,7/1/2024,10213 OSBORN,SCOTTSDALE,Maricopa,,AZ,,85256,US,33.48714,-111.86073,540234.118,,16631.90511,131128.9109,365,USD,1,,AIR,100,,AIR,346,1995,0,2500,SQFT,PEF+PES+PSL,,,,,,,,,,,EQ_ALL OTHER,PSH+PWH,,,,,,,,,,,WS_ALL OTHER,PFL,,,,,,,,,,,Flood_All,PNC,,,,,,,,,,,FR_All,,,,,,,,,,,,,,,,,,0,0,0,,,,0,,,0,,0,,,,,,,,,0,,,,0,0,,0,,,0,0,0,,,,0,0,,,,0,,,,,,,,,,,0,0,,,,,,,,,,,,All Other,All Other,,,,,,,,,,No,Construction mapping does not exist in master table ,,,380.151,0,,1.151,,,1260.553,1,Outside Coverage Area,,32,,,,,,,,0,0,,-2.019,1331.459,Ecopia,
2023_ Salt River Pima,23,SRPMIC,,,,,7/1/2023,7/1/2024,10215 OSBORN,SCOTTSDALE,Maricopa,,AZ,,85256,US,33.486584,-111.86059,7490383.463,,750047.7764,1940428.63,365,USD,1,,AIR,131,,AIR,317,2005,0,27350,SQFT,PEF+PES+PSL,,,,,,,,,,,EQ_ALL OTHER,PSH+PWH,,,,,,,,,,,WS_ALL OTHER,PFL,,,,,,,,,,,Flood_All,PNC,,,,,,,,,,,FR_All,,,,,,,,,,,,,,,,,,0,0,0,,,,0,,,0,,0,,,,,,,,,0,,,,1,0,,0,,,0,0,0,,,,0,0,,,,0,,,,,,,,,,,0,0,,,,,,,,,,,,All Other,All Other,,,,4220,6,7926288.321,289.809445,435904.8581,5.8195266,Yes,,21324342,ESTIMATE-1319504,379.62,0,,0.793,,,1273.501,1,Outside Coverage Area,,32,,,,,,,,0,0,,-2.55,1379.804,Ecopia,
2023_ Salt River Pima,24,SRPMIC,,,,,7/1/2023,7/1/2024,10223 OSBORN,SCOTTSDALE,Maricopa,,AZ,,85256,US,33.48604,-111.86076,302555.3772,,21001.67116,76190.10967,365,USD,1,,AIR,111,,AIR,316,1985,0,1346,SQFT,PEF+PES+PSL,,,,,,,,,,,EQ_ALL OTHER,PSH+PWH,,,,,,,,,,,WS_ALL OTHER,PFL,,,,,,,,,,,Flood_All,PNC,,,,,,,,,,,FR_All,,,,,,,,,,,,,,,,,,0,0,0,,,,0,,,0,,0,,,,,,,,,0,,,,0,0,,0,,,0,0,0,,,,0,0,,,,0,,,,,,,,,,,0,0,,,,,,,,,,,,All Other,All Other,,,,5200,2,463377.9305,344.2629498,160822.5533,53.15474966,Yes,,21324343,ESTIMATE-1319504,379.269,0,,1.064,,,1257.64,1,Outside Coverage Area,,32,,,,,,,,0,0,,-2.901,1406.669,Ecopia,
2023_ Salt River Pima,25,SRPMIC,,,,,7/1/2023,7/1/2024,10227 OSBORN,SCOTTSDALE,Maricopa,,AZ,,85256,US,33.48714,-111.86073,1369741.256,,42169.50735,332471.9288,365,USD,1,,AIR,100,,AIR,315,1977,0,7300,SQFT,PEF+PES+PSL,,,,,,,,,,,EQ_ALL OTHER,PSH+PWH,,,,,,,,,,,WS_ALL OTHER,PFL,,,,,,,,,,,Flood_All,PNC,,,,,,,,,,,FR_All,,,,,,,,,,,,,,,,,,0,0,0,,,,0,,,0,,0,,,,,,,,,0,,,,0,0,,0,,,0,0,0,,,,0,0,,,,0,,,,,,,,,,,0,0,,,,,,,,,,,,All Other,All Other,,,,,,,,,,No,Construction mapping does not exist in master table ,,,380.151,0,,1.151,,,1260.553,1,Outside Coverage Area,,32,,,,,,,,0,0,,-2.019,1331.459,Ecopia,
2023_ Salt River Pima,26,SRPMIC,,,,,7/1/2023,7/1/2024,10237 OSBORN,SCOTTSDALE,Maricopa,,AZ,,85256,US,33.486042,-111.860466,393567.9374,,77045.81033,110818.5194,365,USD,1,,AIR,111,,AIR,311,1984,0,1815,SQFT,PEF+PES+PSL,,,,,,,,,,,EQ_ALL OTHER,PSH+PWH,,,,,,,,,,,WS_ALL OTHER,PFL,,,,,,,,,,,Flood_All,PNC,,,,,,,,,,,FR_All,,,,,,,,,,,,,,,,,,0,0,0,,,,0,,,0,,0,,,,,,,,,0,,,,0,0,,0,,,0,0,0,,,,0,0,,,,0,,,,,,,,,,,0,0,,,,,,,,,,,,All Other,All Other,,,,,,,,,,No,Occupancy mapping does not exist in master table ,,,379.225,0,,1.02,,,1284.964,1,Outside Coverage Area,,32,,,,,,,,0,0,,-2.945,1427.154,Ecopia,
2023_ Salt River Pima,27,SRPMIC,,,,,7/1/2023,7/1/2024,10241 OSBORN,SCOTTSDALE,Maricopa,,AZ,,85256,US,33.486046,-111.859665,803252.893,,200039.3058,236251.8234,365,USD,1,,AIR,101,,AIR,343,1990,0,3630,SQFT,PEF+PES+PSL,,,,,,,,,,,EQ_ALL OTHER,PSH+PWH,,,,,,,,,,,WS_ALL OTHER,PFL,,,,,,,,,,,Flood_All,PNC,,,,,,,,,,,FR_All,,,,,,,,,,,,,,,,,,0,0,0,,,,0,,,0,,0,,,,,,,,,0,,,,1,0,,0,,,0,0,0,,,,0,0,,,,0,,,,,,,,,,,0,0,,,,,,,,,,,,All Other,All Other,,,,2600,1,1017881.038,280.4079995,214628.1452,26.71987204,Yes,,21324344,ESTIMATE-1319504,379.208,0,,1.003,,,1359.407,1,Outside Coverage Area,,32,,,,,,,,0,0,,-3.267,1366.772,Ecopia,
2023_ Salt River Pima,28,SRPMIC,,,,,7/1/2023,7/1/2024,10249 OSBORN,SCOTTSDALE,Maricopa,,AZ,,85256,US,33.486046,-111.859665,471651.0832,,46984.06441,122126.4348,365,USD,1,,AIR,111,,AIR,1005,1990,0,2239,SQFT,PEF+PES+PSL,,,,,,,,,,,EQ_ALL OTHER,PSH+PWH,,,,,,,,,,,WS_ALL OTHER,PFL,,,,,,,,,,,Flood_All,PNC,,,,,,,,,,,FR_All,,,,,,,,,,,,,,,,,,0,0,0,,,,0,,,0,,0,,,,,,,,,0,,,,1,0,,0,,,0,0,0,,,,0,0,,,,0,,,,,,,,,,,0,0,,,,,,,,,,,,All Other,All Other,,,,,,,,,,No,Occupancy mapping does not exist in master table ,,,379.208,0,,1.003,,,1359.407,1,Outside Coverage Area,,32,,,,,,,,0,0,,-3.267,1366.772,Ecopia,
2023_ Salt River Pima,29,SRPMIC,,,,,7/1/2023,7/1/2024,10263 OSBORN,SCOTTSDALE,Maricopa,,AZ,,85256,US,33.486046,-111.859665,1136754.927,,34996.67914,275920.0699,365,USD,1,,AIR,100,,AIR,346,1997,0,5895,SQFT,PEF+PES+PSL,,,,,,,,,,,EQ_ALL OTHER,PSH+PWH,,,,,,,,,,,WS_ALL OTHER,PFL,,,,,,,,,,,Flood_All,PNC,,,,,,,,,,,FR_All,,,,,,,,,,,,,,,,,,0,0,0,,,,0,,,0,,0,,,,,,,,,0,,,,1,0,,0,,,0,0,0,,,,0,0,,,,0,,,,,,,,,,,0,0,,,,,,,,,,,,All Other,All Other,,,,,,,,,,No,Construction mapping does not exist in master table ,,,379.208,0,,1.003,,,1359.407,1,Outside Coverage Area,,32,,,,,,,,0,0,,-3.267,1366.772,Ecopia,
2023_ Salt River Pima,30,SRPMIC,,,,,7/1/2023,7/1/2024,10287 OSBORN,SCOTTSDALE,Maricopa,,AZ,,85256,US,33.486057,-111.85918,539278.4436,,24394.19825,132731.7103,365,USD,1,,AIR,111,,AIR,315,1990,0,2590,SQFT,PEF+PES+PSL,,,,,,,,,,,EQ_ALL OTHER,PSH+PWH,,,,,,,,,,,WS_ALL OTHER,PFL,,,,,,,,,,,Flood_All,PNC,,,,,,,,,,,FR_All,,,,,,,,,,,,,,,,,,0,0,0,,,,0,,,0,,0,,,,,,,,,0,,,,1,0,,0,,,0,0,0,,,,0,0,,,,0,,,,,,,,,,,0,0,,,,,,,,,,,,All Other,All Other,,,,2100,2,586902.2473,226.6031843,47623.80376,8.831023069,Yes,,21324345,ESTIMATE-1319504,379.143,0,,0.828,,,1404.483,1,Outside Coverage Area,,32,,,,,,,,0,0,,-3.332,1322.721,Ecopia,
2023_ Salt River Pima,31,SRPMIC,,,,,7/1/2023,7/1/2024,10295 OSBORN,SCOTTSDALE,Maricopa,,AZ,,85256,US,33.487335,-111.85906,640756.9022,,52190.23677,163172.8277,365,USD,1,,AIR,111,,AIR,316,1989,0,3200,SQFT,PEF+PES+PSL,,,,,,,,,,,EQ_ALL OTHER,PSH+PWH,,,,,,,,,,,WS_ALL OTHER,PFL,,,,,,,,,,,Flood_All,PNC,,,,,,,,,,,FR_All,,,,,,,,,,,,,,,,,,0,0,0,,,,0,,,0,,0,,,,,,,,,0,,,,1,0,,0,,,0,0,0,,,,0,0,,,,0,,,,,,,,,,,0,0,,,,,,,,,,,,All Other,All Other,,,,5200,2,971798.3108,303.6869721,331041.4086,51.66411903,Yes,,21324346,ESTIMATE-1319504,380.155,0,,0.922,,,1415.778,1,Outside Coverage Area,,32,,,,,,,,0,0,,-2.32,1284.5,Ecopia,
2023_ Salt River Pima,32,SRPMIC,,,,,7/1/2023,7/1/2024,10297 OSBORN,SCOTTSDALE,Maricopa,,AZ,,85256,US,33.48629,-111.85885,426444.1466,,13128.71281,103509.117,365,USD,1,,AIR,111,,AIR,316,1990,0,1900,SQFT,PEF+PES+PSL,,,,,,,,,,,EQ_ALL OTHER,PSH+PWH,,,,,,,,,,,WS_ALL OTHER,PFL,,,,,,,,,,,Flood_All,PNC,,,,,,,,,,,FR_All,,,,,,,,,,,,,,,,,,0,0,0,,,,0,,,0,,0,,,,,,,,,0,,,,0,0,,0,,,0,0,0,,,,0,0,,,,0,,,,,,,,,,,0,0,,,,,,,,,,,,All Other,All Other,,,,5200,2,621056.1337,326.8716493,194611.9871,45.63598509,Yes,,21324347,ESTIMATE-1319504,379.47,0,,0.659,,,1435.178,1,Outside Coverage Area,,32,,,,,,,,0,0,,-3.005,1286.805,Ecopia,
2023_ Salt River Pima,33,SRPMIC,,,,,7/1/2023,7/1/2024,10420 OSBORN,SCOTTSDALE,Maricopa,,AZ,,85256,US,33.48813,-111.85624,643626.9591,,19815.00642,156225.0502,365,USD,1,,AIR,100,,AIR,305,2003,0,3688,SQFT,PEF+PES+PSL,,,,,,,,,,,EQ_ALL OTHER,PSH+PWH,,,,,,,,,,,WS_ALL OTHER,PFL,,,,,,,,,,,Flood_All,PNC,,,,,,,,,,,FR_All,,,,,,,,,,,,,,,,,,0,0,0,,,,0,,,0,,0,,,,,,,,,0,,,,0,0,,0,,,0,0,0,,,,0,0,,,,0,,,,,,,,,,,0,0,,,,,,,,,,,,All Other,All Other,,,,,,,,,,No,Construction mapping does not exist in master table ,,,379.801,0,,1.384,,,1641.329,1,Outside Coverage Area,,32,,,,,,,,0,0,,-2.674,1013.907,Ecopia,
2023_ Salt River Pima,34,,,,,,7/1/2023,7/1/2024,10444 OSBORN,SCOTTSDALE,Maricopa,,AZ,,85256,US,33.48813,-111.85624,80903.64926,,2490.73832,19637.42582,365,USD,1,,AIR,100,,AIR,343,,0,0,SQFT,PEF+PES+PSL,,,,,,,,,,,EQ_ALL OTHER,PSH+PWH,,,,,,,,,,,WS_ALL OTHER,PFL,,,,,,,,,,,Flood_All,PNC,,,,,,,,,,,FR_All,,,,,,,,,,,,,,,,,,0,0,0,,,,0,,,0,,0,,,,,,,,,0,,,,0,0,,0,,,0,0,0,,,,0,0,,,,0,,,,,,,,,,,0,0,,,,,,,,,,,,All Other,All Other,,,,,,,,,,No,Invalid Floor Area,,,379.801,0,,1.384,,,1641.329,1,Outside Coverage Area,,32,,,,,,,,0,0,,-2.674,1013.907,Ecopia,
2023_ Salt River Pima,35,SRPMIC,,,,,7/1/2023,7/1/2024,10488 OSBORN,SCOTTSDALE,Maricopa,,AZ,,85256,US,33.48832,-111.854515,415440.239,,12789.94126,100838.1816,365,USD,1,,AIR,101,,AIR,305,1998,0,2000,SQFT,PEF+PES+PSL,,,,,,,,,,,EQ_ALL OTHER,PSH+PWH,,,,,,,,,,,WS_ALL OTHER,PFL,,,,,,,,,,,Flood_All,PNC,,,,,,,,,,,FR_All,,,,,,,,,,,,,,,,,,0,0,0,,,,0,,,0,,0,,,,,,,,,0,,,,0,0,,0,,,0,0,0,,,,0,0,,,,0,,,,,,,,,,,0,0,,,,,,,,,,,,All Other,All Other,,,,5200,1,601830.4753,300.9152377,186390.2364,44.86571567,Yes,,21324348,ESTIMATE-1319504,380.668,0,,1.651,,,1764.603,1,Outside Coverage Area,,28,,,,,,,,0,0,,-1.807,852.368,Ecopia,
2023_ Salt River Pima,36,SRPMIC,,,,,7/1/2023,7/1/2024,10490 OSBORN,SCOTTSDALE,Maricopa,,AZ,,85256,US,33.48832,-111.854515,356348.2135,,10970.70599,86495.00577,365,USD,1,,AIR,100,,AIR,305,2009,0,1800,SQFT,PEF+PES+PSL,,,,,,,,,,,EQ_ALL OTHER,PSH+PWH,,,,,,,,,,,WS_ALL OTHER,PFL,,,,,,,,,,,Flood_All,PNC,,,,,,,,,,,FR_All,,,,,,,,,,,,,,,,,,0,0,0,,,,0,,,0,,0,,,,,,,,,0,,,,0,0,,0,,,0,0,0,,,,0,0,,,,0,,,,,,,,,,,0,0,,,,,,,,,,,,All Other,All Other,,,,,,,,,,No,Construction mapping does not exist in master table ,,,380.668,0,,1.651,,,1764.603,1,Outside Coverage Area,,28,,,,,,,,0,0,,-1.807,852.368,Ecopia,
2023_ Salt River Pima,37,SRPMIC,,,,,7/1/2023,7/1/2024,10520 OSBORN,SCOTTSDALE,Maricopa,,AZ,,85256,US,33.48832,-111.854515,482930.0632,,79796.95534,132509.0381,365,USD,1,,AIR,111,,AIR,305,1994,0,3200,SQFT,PEF+PES+PSL,,,,,,,,,,,EQ_ALL OTHER,PSH+PWH,,,,,,,,,,,WS_ALL OTHER,PFL,,,,,,,,,,,Flood_All,PNC,,,,,,,,,,,FR_All,,,,,,,,,,,,,,,,,,0,0,0,,,,0,,,0,,0,,,,,,,,,0,,,,1,0,,0,,,0,0,0,,,,0,0,,,,0,,,,,,,,,,,0,0,,,,,,,,,,,,All Other,All Other,,,,5200,2,971798.3108,303.6869721,488868.2476,101.2296158,Yes,,21324349,ESTIMATE-1319504,380.668,0,,1.651,,,1764.603,1,Outside Coverage Area,,28,,,,,,,,0,0,,-1.807,852.368,Ecopia,
2023_ Salt River Pima,38,SRPMIC,,,,,7/1/2023,7/1/2024,10510 OSBORN,SCOTTSDALE,Maricopa,,AZ,,85256,US,33.488308,-111.85452,1670943.52,,51442.46384,405581.5742,365,USD,1,,AIR,100,,AIR,305,,0,0,SQFT,PEF+PES+PSL,,,,,,,,,,,EQ_ALL OTHER,PSH+PWH,,,,,,,,,,,WS_ALL OTHER,PFL,,,,,,,,,,,Flood_All,PNC,,,,,,,,,,,FR_All,,,,,,,,,,,,,,,,,,0,0,0,,,,0,,,0,,0,,,,,,,,,0,,,,0,0,,0,,,0,0,0,,,,0,0,,,,0,,,,,,,,,,,0,0,,,,,,,,,,,,All Other,All Other,,,,,,,,,,No,Invalid Floor Area,,,380.656,0,,1.639,,,1765.345,1,Outside Coverage Area,,28,,,,,,,,0,0,,-1.819,852.943,Ecopia,
2023_ Salt River Pima,39,SRPMIC,,,,,7/1/2023,7/1/2024,1064 OAK,MESA,Maricopa,,AZ,,85203,US,33.473896,-111.807785,643626.9591,,19815.00642,156225.0502,365,USD,1,,AIR,100,,AIR,305,2003,0,3688,SQFT,PEF+PES+PSL,,,,,,,,,,,EQ_ALL OTHER,PSH+PWH,,,,,,,,,,,WS_ALL OTHER,PFL,,,,,,,,,,,Flood_All,PNC,,,,,,,,,,,FR_All,,,,,,,,,,,,,,,,,,0,0,0,,,,0,,,0,,0,,,,,,,,,0,,,,0,0,,0,,,0,0,0,,,,0,0,,,,0,,,,,,,,,,,0,0,,,,,,,,,,,,All Other,All Other,,,,,,,,,,No,Construction mapping does not exist in master table ,,,377.973,0,,10.556,,,1017.732,1,Outside Coverage Area,,24,,,,,,,,0,1.3,100,1.457,571.256,Ecopia,
2023_ Salt River Pima,40,SRPMIC,,,,,7/1/2023,7/1/2024,11145 CHAPARRAL,SCOTTSDALE,Maricopa,,AZ,,85256,US,33.50933,-111.840576,643626.9591,,19815.00642,156225.0502,365,USD,1,,AIR,100,,AIR,1006,2003,0,3688,SQFT,PEF+PES+PSL,,,,,,,,,,,EQ_ALL OTHER,PSH+PWH,,,,,,,,,,,WS_ALL OTHER,PFL,,,,,,,,,,,Flood_All,PNC,,,,,,,,,,,FR_All,,,,,,,,,,,,,,,,,,0,0,0,,,,0,,,0,,0,,,,,,,,,0,,,,0,0,,0,,,0,0,0,,,,0,0,,,,0,,,,,,,,,,,0,0,,,,,,,,,,,,All Other,All Other,,,,,,,,,,No,Construction mapping does not exist in master table ,,,390.815,0.64,100,-2.125,,,312.091,1,Outside Coverage Area,,58,,,,,,,,0,0,,-0.64,0,Ecopia,
2023_ Salt River Pima,41,SRPMIC,,,,,7/1/2023,7/1/2024,11201 CHAPARRAL,SCOTTSDALE,Maricopa,,AZ,,85256,US,33.50938,-111.838936,1516943.424,,46701.34345,368201.7342,365,USD,1,,AIR,100,,AIR,1006,2003,0,0,SQFT,PEF+PES+PSL,,,,,,,,,,,EQ_ALL OTHER,PSH+PWH,,,,,,,,,,,WS_ALL OTHER,PFL,,,,,,,,,,,Flood_All,PNC,,,,,,,,,,,FR_All,,,,,,,,,,,,,,,,,,0,0,0,,,,0,,,0,,0,,,,,,,,,0,,,,0,0,,0,,,0,0,0,,,,0,0,,,,0,,,,,,,,,,,0,0,,,,,,,,,,,,All Other,All Other,,,,,,,,,,No,Invalid Floor Area,,,391.483,0.88,100,-1.565,,,247.271,1,Outside Coverage Area,,58,,,,,,,,0,0,,-0.88,0,Ecopia,
2023_ Salt River Pima,42,,,,,,7/1/2023,7/1/2024,11202 INDIAN SCHOOL,SCOTTSDALE,Maricopa,,AZ,,85256,US,33.49553,-111.84004,707906.9311,,21793.96028,171827.4759,365,USD,1,,AIR,100,,AIR,1006,,0,0,SQFT,PEF+PES+PSL,,,,,,,,,,,EQ_ALL OTHER,PSH+PWH,,,,,,,,,,,WS_ALL OTHER,PFL,,,,,,,,,,,Flood_All,PNC,,,,,,,,,,,FR_All,,,,,,,,,,,,,,,,,,0,0,0,,,,0,,,0,,0,,,,,,,,,0,,,,0,0,,0,,,0,0,0,,,,0,0,,,,0,,,,,,,,,,,0,0,,,,,,,,,,,,All Other,All Other,,,,,,,,,,No,Invalid Floor Area,,,385.281,0,,6.264,,,512.829,1,Outside Coverage Area,,19,,,,,,,,0,0,,3.09,860.584,Ecopia,
2023_ Salt River Pima,43,SRPMIC,,,,,7/1/2023,7/1/2024,11561 INDIAN SCHOOL,SCOTTSDALE,Maricopa,,AZ,,85256,US,33.494713,-111.831696,4340774.059,,328425.891,1099487.271,365,USD,1,,AIR,152,,AIR,1006,2009,0,19000,SQFT,PEF+PES+PSL,,,,,,,,,,,EQ_ALL OTHER,PSH+PWH,,,,,,,,,,,WS_ALL OTHER,PFL,,,,,,,,,,,Flood_All,PNC,,,,,,,,,,,FR_All,,,,,,,,,,,,,,,,,,0,0,0,,,,0,,,0,,0,,,,,,,,,0,,,,0,0,,0,,,0,0,0,,,,0,0,,,,0,,,,,,,,,,,0,0,,,,,,,,,,,,All Other,All Other,,,,2600,3,5625778.815,296.0936219,1285004.756,29.60312468,Yes,,21324350,ESTIMATE-1319504,386.495,0,,7.478,,,416.96,1,Outside Coverage Area,,19,,,,,,,,0,0,,-3.514,892.619,Ecopia,
2023_ Salt River Pima,44,Salt River Community Housing Division,,,,,7/1/2023,7/1/2024,11678 INDIAN SCHOOL,SCOTTSDALE,Maricopa,,AZ,,85256,US,33.49552,-111.82952,699072.2526,,185758.2118,208356.8584,365,USD,1,,AIR,116,,AIR,1006,1980,1,4900,SQFT,PEF+PES+PSL,,,,,,,,,,,EQ_ALL OTHER,PSH+PWH,,,,,,,,,,,WS_ALL OTHER,PFL,,,,,,,,,,,Flood_All,PNC,,,,,,,,,,,FR_All,,,,,,,,,,,,,,,,,,0,0,0,,,,0,,,0,,0,,,,,,,,,0,,,,0,0,,0,,,0,0,0,,,,0,0,,,,0,,,,,,,,,,,0,0,,,,,,,,,,,,All Other,All Other,,,,7110,2,756859.8717,154.4611983,57787.61916,8.266329975,Yes,,21324351,ESTIMATE-1319504,386.847,0,,7.83,,,633.68,1,Outside Coverage Area,,19,,,,,,,,0,0,,-3.321,765.703,Ecopia,
2023_ Salt River Pima,45,SRPMIC,,,,,7/1/2023,7/1/2024,11725 INDIAN SCHOOL,SCOTTSDALE,Maricopa,,AZ,,85256,US,33.494087,-111.82848,47364079.72,,3519746.093,11981949.67,365,USD,1,,AIR,111,,AIR,317,2018,0,119240,SQFT,PEF+PES+PSL,,,,,,,,,,,EQ_ALL OTHER,PSH+PWH,,,,,,,,,,,WS_ALL OTHER,PFL,,,,,,,,,,,Flood_All,PNC,,,,,,,,,,,FR_All,,,,,,,,,,,,,,,,,,0,0,0,,,,0,,,0,,0,,,,,,,,,0,,,,0,0,,0,,,0,0,0,,,,0,0,,,,0,,,,,,,,,,,0,0,,,,,,,,,,,,All Other,All Other,,,,4220,2,25936610.17,217.5160196,-21427469.55,-45.2399153,Yes,,21324352,ESTIMATE-1319504,385.78,0,,6.763,,,653.661,1,Outside Coverage Area,,19,,,,,,,,0,0,,-4.907,858.326,Ecopia,
2023_ Salt River Pima,46,SRPMIC,,,,,7/1/2023,7/1/2024,11735 MINNEZONA,SCOTTSDALE,Maricopa,,AZ,,85256,US,33.503124,-111.828285,761355.9269,,44399.47877,1089736.533,365,USD,1,,AIR,111,,AIR,303,2010,1,4272,SQFT,PEF+PES+PSL,,,,,,,,,,,EQ_ALL OTHER,PSH+PWH,,,,,,,,,,,WS_ALL OTHER,PFL,,,,,,,,,,,Flood_All,PNC,,,,,,,,,,,FR_All,,,,,,,,,,,,,,,,,,0,0,0,,,,0,,,0,,0,,,,,,,,,0,,,,1,0,,0,,,0,0,0,,,,0,0,,,,0,,,,,,,,,,,0,0,,,,,,,,,,,,All Other,All Other,,,,1230,2,770917.3121,180.4581723,9561.385141,1.255836436,Yes,,21324353,ESTIMATE-1319504,390.739,0.25,100,-2.437,,,462.666,1,Outside Coverage Area,,58,,,,,,,,0,0,,-0.25,0,Ecopia,
2023_ Salt River Pima,47,SRPMIC,,,,,7/1/2023,7/1/2024,11761 MINNEZONA,SCOTTSDALE,Maricopa,,AZ,,85256,US,33.50313,-111.8273,759397.0473,,44339.17176,189261.0623,365,USD,1,,AIR,111,,AIR,303,2010,1,4259,SQFT,PEF+PES+PSL,,,,,,,,,,,EQ_ALL OTHER,PSH+PWH,,,,,,,,,,,WS_ALL OTHER,PFL,,,,,,,,,,,Flood_All,PNC,,,,,,,,,,,FR_All,,,,,,,,,,,,,,,,,,0,0,0,,,,0,,,0,,0,,,,,,,,,0,,,,1,0,,0,,,0,0,0,,,,0,0,,,,0,,,,,,,,,,,0,0,,,,,,,,,,,,All Other,All Other,,,,1230,2,768996.7812,180.5580609,9599.733855,1.264125781,Yes,,21324354,ESTIMATE-1319504,390.933,0.36,100,-2.401,,,420.274,1,Outside Coverage Area,,58,,,,,,,,0,0,,-0.36,0,Ecopia,
2023_ Salt River Pima,48,SRPMIC,,,,,7/1/2023,7/1/2024,3484 STANDAGE,SCOTTSDALE,Maricopa,,AZ,,85256,US,33.488716,-111.861465,2269330.675,,123465.5929,593447.5004,365,USD,1,,AIR,151,,AIR,1007,2023,1,3200,SQFT,PEF+PES+PSL,,,,,,,,,,,EQ_ALL OTHER,PSH+PWH,,,,,,,,,,,WS_ALL OTHER,PFL,,,,,,,,,,,Flood_All,PNC,,,,,,,,,,,FR_All,,,,,,,,,,,,,,,,,,0,0,0,,,,0,,,0,,0,,,,,,,,,0,,,,1,0,,0,,,0,0,0,,,,0,0,,,,0,,,,,,,,,,,0,0,,,,,,,,,,,,All Other,All Other,,,,1100,4,797341.1863,249.1691207,-1471989.489,-64.86447767,Yes,,21324355,ESTIMATE-1319504,380.82,0,,2.403,,,1185.63,1,Outside Coverage Area,,28,,,,,,,,0,0,,-1.35,1175.23,Ecopia,
2023_ Salt River Pima,49,SRPMIC,,,,,7/1/2023,7/1/2024,3482 STANDAGE,SCOTTSDALE,Maricopa,,AZ,,85256,US,33.488724,-111.861336,348684.6154,,14033.28753,85411.57408,365,USD,1,,AIR,151,,AIR,1008,2023,1,640,SQFT,PEF+PES+PSL,,,,,,,,,,,EQ_ALL OTHER,PSH+PWH,,,,,,,,,,,WS_ALL OTHER,PFL,,,,,,,,,,,Flood_All,PNC,,,,,,,,,,,FR_All,,,,,,,,,,,,,,,,,,0,0,0,,,,0,,,0,,0,,,,,,,,,0,,,,1,0,,0,,,0,0,0,,,,0,0,,,,0,,,,,,,,,,,0,0,,,,,,,,,,,,All Other,All Other,,,,2100,4,245936.5932,384.2759268,-102748.0222,-29.4673231,Yes,,21324356,ESTIMATE-1319504,380.865,0,,2.448,,,1195.203,1,Outside Coverage Area,,28,,,,,,,,0,0,,-1.305,1184.88,Ecopia,
2023_ Salt River Pima,50,Salt River Community Housing Division,,,,,7/1/2023,7/1/2024,11780 INDIAN SCHOOL,SCOTTSDALE,Maricopa,,AZ,,85256,US,33.495888,-111.827,0,,0,0,365,USD,1,,AIR,100,,AIR,1009,,0,21000,SQFT,PEF+PES+PSL,,,,,,,,,,,EQ_ALL OTHER,PSH+PWH,,,,,,,,,,,WS_ALL OTHER,PFL,,,,,,,,,,,Flood_All,PNC,,,,,,,,,,,FR_All,,,,,,,,,,,,,,,,,,0,0,0,,,,0,,,0,,0,,,,,,,,,0,,,,0,0,,0,,,0,0,0,,,,0,0,,,,0,,,,,,,,,,,0,0,,,,,,,,,,,,All Other,All Other,,,,,,,,,,No,Building Value should be greater than $ 1,,,387.803,0,,8.786,,,857.222,1,Outside Coverage Area,,19,,,,,,,,0,0,,-2.884,621.687,Ecopia,
2023_ Salt River Pima,51,Salt River Community Housing Division,,,,,7/1/2023,7/1/2024,11780 INDIAN SCHOOL,SCOTTSDALE,Maricopa,,AZ,,85256,US,33.495888,-111.827,0,,0,0,365,USD,1,,AIR,100,,AIR,1010,,0,21000,SQFT,PEF+PES+PSL,,,,,,,,,,,EQ_ALL OTHER,PSH+PWH,,,,,,,,,,,WS_ALL OTHER,PFL,,,,,,,,,,,Flood_All,PNC,,,,,,,,,,,FR_All,,,,,,,,,,,,,,,,,,0,0,0,,,,0,,,0,,0,,,,,,,,,0,,,,0,0,,0,,,0,0,0,,,,0,0,,,,0,,,,,,,,,,,0,0,,,,,,,,,,,,All Other,All Other,,,,,,,,,,No,Building Value should be greater than $ 1,,,387.803,0,,8.786,,,857.222,1,Outside Coverage Area,,19,,,,,,,,0,0,,-2.884,621.687,Ecopia,
2023_ Salt River Pima,52,Salt River Community Housing Division,,,,,7/1/2023,7/1/2024,11780 INDIAN SCHOOL,SCOTTSDALE,Maricopa,,AZ,,85256,US,33.495888,-111.827,0,,0,0,365,USD,1,,AIR,100,,AIR,1011,,0,21000,SQFT,PEF+PES+PSL,,,,,,,,,,,EQ_ALL OTHER,PSH+PWH,,,,,,,,,,,WS_ALL OTHER,PFL,,,,,,,,,,,Flood_All,PNC,,,,,,,,,,,FR_All,,,,,,,,,,,,,,,,,,0,0,0,,,,0,,,0,,0,,,,,,,,,0,,,,0,0,,0,,,0,0,0,,,,0,0,,,,0,,,,,,,,,,,0,0,,,,,,,,,,,,All Other,All Other,,,,,,,,,,No,Building Value should be greater than $ 1,,,387.803,0,,8.786,,,857.222,1,Outside Coverage Area,,19,,,,,,,,0,0,,-2.884,621.687,Ecopia,
2023_ Salt River Pima,53,Salt River Community Housing Division,,,,,7/1/2023,7/1/2024,11780 INDIAN SCHOOL,SCOTTSDALE,Maricopa,,AZ,,85256,US,33.495888,-111.827,0,,0,0,365,USD,1,,AIR,100,,AIR,1012,,0,21000,SQFT,PEF+PES+PSL,,,,,,,,,,,EQ_ALL OTHER,PSH+PWH,,,,,,,,,,,WS_ALL OTHER,PFL,,,,,,,,,,,Flood_All,PNC,,,,,,,,,,,FR_All,,,,,,,,,,,,,,,,,,0,0,0,,,,0,,,0,,0,,,,,,,,,0,,,,0,0,,0,,,0,0,0,,,,0,0,,,,0,,,,,,,,,,,0,0,,,,,,,,,,,,All Other,All Other,,,,,,,,,,No,Building Value should be greater than $ 1,,,387.803,0,,8.786,,,857.222,1,Outside Coverage Area,,19,,,,,,,,0,0,,-2.884,621.687,Ecopia,
2023_ Salt River Pima,54,Salt River Community Housing Division,,,,,7/1/2023,7/1/2024,11780 INDIAN SCHOOL,SCOTTSDALE,Maricopa,,AZ,,85256,US,33.495888,-111.827,0,,0,0,365,USD,1,,AIR,100,,AIR,306,,0,21000,SQFT,PEF+PES+PSL,,,,,,,,,,,EQ_ALL OTHER,PSH+PWH,,,,,,,,,,,WS_ALL OTHER,PFL,,,,,,,,,,,Flood_All,PNC,,,,,,,,,,,FR_All,,,,,,,,,,,,,,,,,,0,0,0,,,,0,,,0,,0,,,,,,,,,0,,,,0,0,,0,,,0,0,0,,,,0,0,,,,0,,,,,,,,,,,0,0,,,,,,,,,,,,All Other,All Other,,,,,,,,,,No,Building Value should be greater than $ 1,,,387.803,0,,8.786,,,857.222,1,Outside Coverage Area,,19,,,,,,,,0,0,,-2.884,621.687,Ecopia,
2023_ Salt River Pima,55,SRPMIC,,,,,7/1/2023,7/1/2024,11889 GLENROSA,SCOTTSDALE,Maricopa,,AZ,,85256,US,33.497696,-111.82435,342918.2078,,10557.24343,83235.19309,365,USD,1,,AIR,101,,AIR,317,,0,1600,SQFT,PEF+PES+PSL,,,,,,,,,,,EQ_ALL OTHER,PSH+PWH,,,,,,,,,,,WS_ALL OTHER,PFL,,,,,,,,,,,Flood_All,PNC,,,,,,,,,,,FR_All,,,,,,,,,,,,,,,,,,0,0,0,,,,0,,,0,,0,,,,,,,,,0,,,,0,0,,0,,,0,0,0,,,,0,0,,,,0,,,,,,,,,,,0,0,,,,,,,,,,,,All Other,All Other,,,,4220,1,570683.335,356.6770844,227765.1272,66.41966571,Yes,,21324357,ESTIMATE-1319504,388.381,0,,-5.003,,,867.313,1,Outside Coverage Area,,37,,,,,,,,0,0,,-2.399,344.231,Ecopia,
2023_ Salt River Pima,56,SRPMIC,,,,,7/1/2023,7/1/2024,12275 FAIRMOUNT,SCOTTSDALE,Maricopa,,AZ,,85251,US,33.492683,-111.8921,449092.1119,,22210.38106,110980.7028,365,USD,1,,AIR,152,,AIR,317,2010,0,1620,SQFT,PEF+PES+PSL,,,,,,,,,,,EQ_ALL OTHER,PSH+PWH,,,,,,,,,,,WS_ALL OTHER,PFL,,,,,,,,,,,Flood_All,PNC,,,,,,,,,,,FR_All,,,,,,,,,,,,,,,,,,0,0,0,,,,0,,,0,,0,,,,,,,,,0,,,,0,0,,0,,,0,0,0,,,,0,0,,,,0,,,,,,,,,,,0,0,,,,,,,,,,,,All Other,All Other,,,,4220,3,773981.9407,477.7666301,324889.8289,72.34369527,Yes,,21324358,ESTIMATE-1319504,378.211,0,,0.671,,,461.148,1,Outside Coverage Area,,40,,,,,,,,0,0,100,-2.364,845.334,Ecopia,
2023_ Salt River Pima,57,SRPMIC,,,,,7/1/2023,7/1/2024,12297 INDIAN SCHOOL,SCOTTSDALE,Maricopa,,AZ,,85256,US,33.494904,-111.81564,634870.1504,,19545.41513,154099.5443,365,USD,1,,AIR,100,,AIR,305,1989,0,3700,SQFT,PEF+PES+PSL,,,,,,,,,,,EQ_ALL OTHER,PSH+PWH,,,,,,,,,,,WS_ALL OTHER,PFL,,,,,,,,,,,Flood_All,PNC,,,,,,,,,,,FR_All,,,,,,,,,,,,,,,,,,0,0,0,,,,0,,,0,,0,,,,,,,,,0,,,,0,0,,0,,,0,0,0,,,,0,0,,,,0,,,,,,,,,,,0,0,,,,,,,,,,,,All Other,All Other,,,,,,,,,,No,Construction mapping does not exist in master table ,,,388.096,0,,2.735,,,121.479,1,Outside Coverage Area,,28,,,,,,,,0,0,,1.167,102.117,Ecopia,
2023_ Salt River Pima,58,SRPMIC,,,,,7/1/2023,7/1/2024,1231 OAK,MESA,Maricopa,,AZ,,85203,US,33.47273,-111.80419,8531832.881,,397868.1829,2102735.536,365,USD,1,,AIR,152,,AIR,317,2003,0,36500,SQFT,PEF+PES+PSL,,,,,,,,,,,EQ_ALL OTHER,PSH+PWH,,,,,,,,,,,WS_ALL OTHER,PFL,,,,,,,,,,,Flood_All,PNC,,,,,,,,,,,FR_All,,,,,,,,,,,,,,,,,,0,0,0,,,,0,,,0,,0,,,,,,,,,0,,,,1,0,,0,,,0,0,0,,,,0,0,,,,0,,,,,,,,,,,0,0,,,,,,,,,,,,All Other,All Other,,,,4220,3,10334904.65,283.1480725,1803071.765,21.13346323,Yes,,21324359,ESTIMATE-1319504,378.622,0,,-2.394,,,1077.065,1,Outside Coverage Area,,44,,,,,,,,0,0,100,3.427,698.174,Ecopia,
2023_ Salt River Pima,59,SRPMIC,,,,,7/1/2023,7/1/2024,13062 BEELINE,PAYSON,Gila,,AZ,,85541,US,34.267582,-111.32048,1457841.73,,44881.81054,353856.2117,365,USD,1,,AIR,100,,AIR,362,1997,0,0,SQFT,PEF+PES+PSL,,,,,,,,,,,EQ_ALL OTHER,PSH+PWH,,,,,,,,,,,WS_ALL OTHER,PFL,,,,,,,,,,,Flood_All,PNC,,,,,,,,,,,FR_All,,,,,,,,,,,,,,,,,,0,0,0,,,,0,,,0,,0,,,,,,,,,0,,,,0,0,,0,,,0,0,0,,,,0,0,,,,0,,,,,,,,,,,0,0,,,,,,,,,,,,All Other,All Other,,,,,,,,,,No,Invalid Floor Area,,,1540.753,0,,5.6,,,564.209,1,Outside Coverage Area,,23,,,,,,,,0,0,,-1.22,192.037,Ecopia,
2023_ Salt River Pima,60,,,,,,7/1/2023,7/1/2024,15115 BEELINE,FORT MCDOWELL,Maricopa,,AZ,,85264,US,33.58175,-111.63519,35395.34655,,1089.69801,8591.3738,365,USD,1,,AIR,100,,AIR,361,,0,0,SQFT,PEF+PES+PSL,,,,,,,,,,,EQ_ALL OTHER,PSH+PWH,,,,,,,,,,,WS_ALL OTHER,PFL,,,,,,,,,,,Flood_All,PNC,,,,,,,,,,,FR_All,,,,,,,,,,,,,,,,,,0,0,0,,,,0,,,0,,0,,,,,,,,,0,,,,0,0,,0,,,0,0,0,,,,0,0,,,,0,,,,,,,,,,,0,0,,,,,,,,,,,,All Other,All Other,,,,,,,,,,No,Invalid Floor Area,,,448.664,0,,0.064,,,22.441,1,Outside Coverage Area,,32,,,,,,,,0,0,,-0.097,233.059,Ecopia,
2023_ Salt River Pima,61,SRPMIC,,,,,7/1/2023,7/1/2024,1635 LONGMORE,SCOTTSDALE,Maricopa,,AZ,,85256,US,33.46612,-111.8652,951072.9619,,66939.96956,239718.2113,365,USD,1,,AIR,111,,AIR,315,1935,0,5000,SQFT,PEF+PES+PSL,,,,,,,,,,,EQ_ALL OTHER,PSH+PWH,,,,,,,,,,,WS_ALL OTHER,PFL,,,,,,,,,,,Flood_All,PNC,,,,,,,,,,,FR_All,,,,,,,,,,,,,,,,,,0,0,0,,,,0,,,0,,0,,,,,,,,,0,,,,1,0,,0,,,0,0,0,,,,0,0,,,,0,,,,,,,,,,,0,0,,,,,,,,,,,,All Other,All Other,,,,2100,2,1029366.823,205.8733645,78293.86066,8.232161338,Yes,,21324360,ESTIMATE-1319504,370.872,0,,4.868,,,1221.183,1,Outside Coverage Area,,27,,,,,,,,0,0,500,-2.521,273.216,Ecopia,
2023_ Salt River Pima,62,SRPMIC,,,,,7/1/2023,7/1/2024,1663 LONGMORE,SCOTTSDALE,Maricopa,,AZ,,85256,US,33.466732,-111.86329,925529.6572,,96020.61937,240551.1733,365,USD,1,,AIR,191,,AIR,346,1990,0,1800,SQFT,PEF+PES+PSL,,,,,,,,,,,EQ_ALL OTHER,PSH+PWH,,,,,,,,,,,WS_ALL OTHER,PFL,,,,,,,,,,,Flood_All,PNC,,,,,,,,,,,FR_All,,,,,,,,,,,,,,,,,,0,0,0,,,,0,,,0,,0,,,,,,,,,0,,,,1,0,,0,,,0,0,0,,,,0,0,,,,0,,,,,,,,,,,0,0,,,,,,,,,,,,All Other,All Other,,,,,,,,,,No,Construction mapping does not exist in master table ,,,371.948,0,,3.033,,,1192.984,1,Outside Coverage Area,,36,,,,,,,,0,0,100,-1.679,262.062,Ecopia,
2023_ Salt River Pima,63,SRPMIC,,,,,7/1/2023,7/1/2024,1709 LONGMORE,SCOTTSDALE,Maricopa,,AZ,,85256,US,33.467842,-111.86534,1314886.56,,168392.0492,349277.3854,365,USD,1,,AIR,191,,AIR,346,1990,0,800,SQFT,PEF+PES+PSL,,,,,,,,,,,EQ_ALL OTHER,PSH+PWH,,,,,,,,,,,WS_ALL OTHER,PFL,,,,,,,,,,,Flood_All,PNC,,,,,,,,,,,FR_All,,,,,,,,,,,,,,,,,,0,0,0,,,,0,,,0,,0,,,,,,,,,0,,,,1,0,,0,,,0,0,0,,,,0,0,,,,0,,,,,,,,,,,0,0,,,,,,,,,,,,All Other,All Other,,,,,,,,,,No,Construction mapping does not exist in master table ,,,372.031,0,,-0.391,,,1225.068,1,Outside Coverage Area,,37,,,,,,,,0,0,,-1.331,82.648,Ecopia,
2023_ Salt River Pima,64,SRPMIC,,,,,7/1/2023,7/1/2024,1839 LONGMORE,SCOTTSDALE,Maricopa,,AZ,,85256,US,33.467842,-111.86534,380700.212,,29901.4301,96687.07358,365,USD,1,,AIR,111,,AIR,317,1979,0,1700,SQFT,PEF+PES+PSL,,,,,,,,,,,EQ_ALL OTHER,PSH+PWH,,,,,,,,,,,WS_ALL OTHER,PFL,,,,,,,,,,,Flood_All,PNC,,,,,,,,,,,FR_All,,,,,,,,,,,,,,,,,,0,0,0,,,,0,,,0,,0,,,,,,,,,0,,,,0,0,,0,,,0,0,0,,,,0,0,,,,0,,,,,,,,,,,0,0,,,,,,,,,,,,All Other,All Other,,,,4220,2,677944.0652,398.7906266,297243.8532,78.07819483,Yes,,21324361,ESTIMATE-1319504,372.031,0,,-0.391,,,1225.068,1,Outside Coverage Area,,37,,,,,,,,0,0,,-1.331,82.648,Ecopia,
2023_ Salt River Pima,65,SRPMIC,,,,,7/1/2023,7/1/2024,1880 LONGMORE,SCOTTSDALE,Maricopa,,AZ,,85256,US,33.46874,-111.86663,11099321.31,,561100.5606,2745756.354,365,USD,1,,AIR,111,,AIR,317,1996,0,42335,SQFT,PEF+PES+PSL,,,,,,,,,,,EQ_ALL OTHER,PSH+PWH,,,,,,,,,,,WS_ALL OTHER,PFL,,,,,,,,,,,Flood_All,PNC,,,,,,,,,,,FR_All,,,,,,,,,,,,,,,,,,0,0,0,,,,0,,,0,,0,,,,,,,,,0,,,,1,0,,0,,,0,0,0,,,,0,0,,,,0,,,,,,,,,,,0,0,,,,,,,,,,,,All Other,All Other,,,,4220,2,9904766.924,233.9616611,-1194554.39,-10.76240931,Yes,,21324362,ESTIMATE-1319504,371.905,0,,-0.517,,,1094.638,1,Outside Coverage Area,,37,,,,,,,,0,0,,-1.838,128.327,Ecopia,
2023_ Salt River Pima,66,SRPMIC,,,,,7/1/2023,7/1/2024,1952 LONGMORE,SCOTTSDALE,Maricopa,,AZ,,85256,US,33.46865,-111.86637,1042922.875,,112180.4452,271999.7883,365,USD,1,,AIR,101,,AIR,313,2003,0,5300,SQFT,PEF+PES+PSL,,,,,,,,,,,EQ_ALL OTHER,PSH+PWH,,,,,,,,,,,WS_ALL OTHER,PFL,,,,,,,,,,,Flood_All,PNC,,,,,,,,,,,FR_All,,,,,,,,,,,,,,,,,,0,0,0,,,,0,,,0,,0,,,,,,,,,0,,,,1,0,,0,,,0,0,0,,,,0,0,,,,0,,,,,,,,,,,0,0,,,,,,,,,,,,All Other,All Other,,,,8210,1,681619.6255,128.6074765,-361303.2494,-34.64333347,Yes,,21324363,ESTIMATE-1319504,371.899,0,,-0.523,,,1119.521,1,Outside Coverage Area,,37,,,,,,,,0,0,,-1.728,104.127,Ecopia,
2023_ Salt River Pima,67,SRPMIC,,,,,7/1/2023,7/1/2024,1958 LONGMORE,SCOTTSDALE,Maricopa,,AZ,,85256,US,33.46865,-111.86637,345733.6548,,10643.92113,83918.57551,365,USD,1,,AIR,100,,AIR,343,1978,0,2300,SQFT,PEF+PES+PSL,,,,,,,,,,,EQ_ALL OTHER,PSH+PWH,,,,,,,,,,,WS_ALL OTHER,PFL,,,,,,,,,,,Flood_All,PNC,,,,,,,,,,,FR_All,,,,,,,,,,,,,,,,,,0,0,0,,,,0,,,0,,0,,,,,,,,,0,,,,0,0,,0,,,0,0,0,,,,0,0,,,,0,,,,,,,,,,,0,0,,,,,,,,,,,,All Other,All Other,,,,,,,,,,No,Construction mapping does not exist in master table ,,,371.899,0,,-0.523,,,1119.521,1,Outside Coverage Area,,37,,,,,,,,0,0,,-1.728,104.127,Ecopia,
2023_ Salt River Pima,68,SRPMIC,,,,,7/1/2023,7/1/2024,3127 STAPLEY,MESA,Maricopa,,AZ,,85203,US,33.472008,-111.80412,650895.1407,,20038.76812,157989.2274,365,USD,1,,AIR,100,,AIR,317,2003,0,0,SQFT,PEF+PES+PSL,,,,,,,,,,,EQ_ALL OTHER,PSH+PWH,,,,,,,,,,,WS_ALL OTHER,PFL,,,,,,,,,,,Flood_All,PNC,,,,,,,,,,,FR_All,,,,,,,,,,,,,,,,,,0,0,0,,,,0,,,0,,0,,,,,,,,,0,,,,0,0,,0,,,0,0,0,,,,0,0,,,,0,,,,,,,,,,,0,0,,,,,,,,,,,,All Other,All Other,,,,,,,,,,No,Invalid Floor Area,,,378.842,0,,-2.174,,,1131.474,1,Outside Coverage Area,,44,,,,,,,,0,0.1,100,3.647,619.091,Ecopia,
2023_ Salt River Pima,69,SRPMIC,,,,,7/1/2023,7/1/2024,3127 STAPLEY,MESA,Maricopa,,AZ,,85203,US,33.472008,-111.80412,18125.29374,,558.01393,4399.48154,365,USD,1,,AIR,100,,AIR,317,2003,0,0,SQFT,PEF+PES+PSL,,,,,,,,,,,EQ_ALL OTHER,PSH+PWH,,,,,,,,,,,WS_ALL OTHER,PFL,,,,,,,,,,,Flood_All,PNC,,,,,,,,,,,FR_All,,,,,,,,,,,,,,,,,,0,0,0,,,,0,,,0,,0,,,,,,,,,0,,,,0,0,,0,,,0,0,0,,,,0,0,,,,0,,,,,,,,,,,0,0,,,,,,,,,,,,All Other,All Other,,,,,,,,,,No,Invalid Floor Area,,,378.842,0,,-2.174,,,1131.474,1,Outside Coverage Area,,44,,,,,,,,0,0.1,100,3.647,619.091,Ecopia,
2023_ Salt River Pima,70,SRPMIC,,,,,7/1/2023,7/1/2024,3213 LONGMORE,SCOTTSDALE,Maricopa,,AZ,,85256,US,33.48515,-111.86411,6126509.744,,3135543.539,2180996.702,365,USD,1,,AIR,152,,AIR,343,2006,0,25115,SQFT,PEF+PES+PSL,,,,,,,,,,,EQ_ALL OTHER,PSH+PWH,,,,,,,,,,,WS_ALL OTHER,PFL,,,,,,,,,,,Flood_All,PNC,,,,,,,,,,,FR_All,,,,,,,,,,,,,,,,,,0,0,0,,,,0,,,0,,0,,,,,,,,,0,,,,0,0,,0,,,0,0,0,,,,0,0,,,,0,,,,,,,,,,,0,0,,,,,,,,,,,,All Other,All Other,,,,2600,3,7329340.592,291.8312002,1202830.848,19.6332153,Yes,,21324364,ESTIMATE-1319504,379.421,0,,2.05,,,946.196,1,Outside Coverage Area,,28,,,,,,,,0,0,,-2.749,1269.324,Ecopia,
2023_ Salt River Pima,71,SRPMIC,,,,,7/1/2023,7/1/2024,3213 LONGMORE,SCOTTSDALE,Maricopa,,AZ,,85256,US,33.48515,-111.86411,4538998.112,,493371.6765,1185005.266,365,USD,1,,AIR,152,,AIR,343,2006,0,19597,SQFT,PEF+PES+PSL,,,,,,,,,,,EQ_ALL OTHER,PSH+PWH,,,,,,,,,,,WS_ALL OTHER,PFL,,,,,,,,,,,Flood_All,PNC,,,,,,,,,,,FR_All,,,,,,,,,,,,,,,,,,0,0,0,,,,0,,,0,,0,,,,,,,,,0,,,,0,0,,0,,,0,0,0,,,,0,0,,,,0,,,,,,,,,,,0,0,,,,,,,,,,,,All Other,All Other,,,,2600,3,5796426.887,295.7813383,1257428.775,27.70278251,Yes,,21324365,ESTIMATE-1319504,379.421,0,,2.05,,,946.196,1,Outside Coverage Area,,28,,,,,,,,0,0,,-2.749,1269.324,Ecopia,
2023_ Salt River Pima,72,SRPMIC,,,,,7/1/2023,7/1/2024,3213 LONGMORE,SCOTTSDALE,Maricopa,,AZ,,85256,US,33.48515,-111.86411,4757054.684,,382207.2209,1210175.857,365,USD,1,,AIR,152,,AIR,343,2006,0,15650,SQFT,PEF+PES+PSL,,,,,,,,,,,EQ_ALL OTHER,PSH+PWH,,,,,,,,,,,WS_ALL OTHER,PFL,,,,,,,,,,,Flood_All,PNC,,,,,,,,,,,FR_All,,,,,,,,,,,,,,,,,,0,0,0,,,,0,,,0,,0,,,,,,,,,0,,,,0,0,,0,,,0,0,0,,,,0,0,,,,0,,,,,,,,,,,0,0,,,,,,,,,,,,All Other,All Other,,,,2600,3,4683915.517,299.2917263,-73139.1671,-1.537488466,Yes,,21324366,ESTIMATE-1319504,379.421,0,,2.05,,,946.196,1,Outside Coverage Area,,28,,,,,,,,0,0,,-2.749,1269.324,Ecopia,
2023_ Salt River Pima,73,SRPMIC,,,,,7/1/2023,7/1/2024,3213 LONGMORE,SCOTTSDALE,Maricopa,,AZ,,85256,US,33.48515,-111.86411,5226143.144,,396648.8019,1324035.861,365,USD,1,,AIR,152,,AIR,305,2006,1,17276,SQFT,PEF+PES+PSL,,,,,,,,,,,EQ_ALL OTHER,PSH+PWH,,,,,,,,,,,WS_ALL OTHER,PFL,,,,,,,,,,,Flood_All,PNC,,,,,,,,,,,FR_All,,,,,,,,,,,,,,,,,,0,0,0,,,,0,,,0,,0,,,,,,,,,0,,,,1,0,,0,,,0,0,0,,,,0,0,,,,0,,,,,,,,,,,0,0,,,,,,,,,,,,All Other,All Other,,,,5200,3,5485436.103,317.5177184,259292.959,4.961459183,Yes,,21324367,ESTIMATE-1319504,379.421,0,,2.05,,,946.196,1,Outside Coverage Area,,28,,,,,,,,0,0,,-2.749,1269.324,Ecopia,
2023_ Salt River Pima,74,SRPMIC,,,,,7/1/2023,7/1/2024,3213 LONGMORE,SCOTTSDALE,Maricopa,,AZ,,85256,US,33.48515,-111.86411,1183476.785,,8282726.895,2229069.341,365,USD,1,,AIR,152,,AIR,343,2016,1,2152,SQFT,PEF+PES+PSL,,,,,,,,,,,EQ_ALL OTHER,PSH+PWH,,,,,,,,,,,WS_ALL OTHER,PFL,,,,,,,,,,,Flood_All,PNC,,,,,,,,,,,FR_All,,,,,,,,,,,,,,,,,,0,0,0,,,,0,,,0,,0,,,,,,,,,0,,,,1,0,,0,,,0,0,0,,,,0,0,,,,0,,,,,,,,,,,0,0,,,,,,,,,,,,All Other,All Other,,,,2600,3,772604.4783,359.0169509,-410872.3064,-34.71739469,Yes,,21324368,ESTIMATE-1319504,379.421,0,,2.05,,,946.196,1,Outside Coverage Area,,28,,,,,,,,0,0,,-2.749,1269.324,Ecopia,
2023_ Salt River Pima,75,SRPMIC,,,,,7/1/2023,7/1/2024,3225 LONGMORE,SCOTTSDALE,Maricopa,,AZ,,85256,US,33.48522,-111.863,1877941.574,,135730.2928,474172.5801,365,USD,1,,AIR,111,,AIR,314,1978,0,11800,SQFT,PEF+PES+PSL,,,,,,,,,,,EQ_ALL OTHER,PSH+PWH,,,,,,,,,,,WS_ALL OTHER,PFL,,,,,,,,,,,Flood_All,PNC,,,,,,,,,,,FR_All,,,,,,,,,,,,,,,,,,0,0,0,,,,0,,,0,,0,,,,,,,,,0,,,,0,0,,0,,,0,0,0,,,,0,0,,,,0,,,,,,,,,,,0,0,,,,,,,,,,,,All Other,All Other,,,,7110,2,1596564.912,135.3021112,-281376.6628,-14.98324903,Yes,,21324369,ESTIMATE-1319504,379.113,0,,1.794,,,1049.365,1,Outside Coverage Area,,28,,,,,,,,0,0,,-3.057,1326.499,Ecopia,
2023_ Salt River Pima,76,SRPMIC,,,,,7/1/2023,7/1/2024,3227 LONGMORE,SCOTTSDALE,Maricopa,,AZ,,85256,US,33.48522,-111.863,611121.8954,,121143.5559,172431.3698,365,USD,1,,AIR,111,,AIR,315,1987,0,3300,SQFT,PEF+PES+PSL,,,,,,,,,,,EQ_ALL OTHER,PSH+PWH,,,,,,,,,,,WS_ALL OTHER,PFL,,,,,,,,,,,Flood_All,PNC,,,,,,,,,,,FR_All,,,,,,,,,,,,,,,,,,0,0,0,,,,0,,,0,,0,,,,,,,,,0,,,,0,0,,0,,,0,0,0,,,,0,0,,,,0,,,,,,,,,,,0,0,,,,,,,,,,,,All Other,All Other,,,,2100,2,718508.3573,217.7298052,107386.4618,17.57202002,Yes,,21324370,ESTIMATE-1319504,379.113,0,,1.794,,,1049.365,1,Outside Coverage Area,,28,,,,,,,,0,0,,-3.057,1326.499,Ecopia,
2023_ Salt River Pima,77,SRPMIC,,,,,7/1/2023,7/1/2024,3229 LONGMORE,SCOTTSDALE,Maricopa,,AZ,,85256,US,33.48519,-111.862274,84160.02115,,10382.70551,22262.59867,365,USD,1,,AIR,111,,AIR,314,1992,0,600,SQFT,PEF+PES+PSL,,,,,,,,,,,EQ_ALL OTHER,PSH+PWH,,,,,,,,,,,WS_ALL OTHER,PFL,,,,,,,,,,,Flood_All,PNC,,,,,,,,,,,FR_All,,,,,,,,,,,,,,,,,,0,0,0,,,,0,,,0,,0,,,,,,,,,0,,,,0,0,,0,,,0,0,0,,,,0,0,,,,0,,,,,,,,,,,0,0,,,,,,,,,,,,All Other,All Other,,,,7110,2,146813.2571,244.6887618,62653.23591,74.44536616,Yes,,21324371,ESTIMATE-1319504,379.061,0,,1.742,,,1116.835,1,Outside Coverage Area,,28,,,,,,,,0,0,,-3.109,1373.092,Ecopia,
2023_ Salt River Pima,78,SRPMIC,,,,,7/1/2023,7/1/2024,3230 STAPLEY,MESA,Maricopa,,AZ,,85203,US,33.474823,-111.80523,3689914.313,,275923.5925,933861.9775,365,USD,1,,AIR,152,,AIR,343,2003,0,15500,SQFT,PEF+PES+PSL,,,,,,,,,,,EQ_ALL OTHER,PSH+PWH,,,,,,,,,,,WS_ALL OTHER,PFL,,,,,,,,,,,Flood_All,PNC,,,,,,,,,,,FR_All,,,,,,,,,,,,,,,,,,0,0,0,,,,0,,,0,,0,,,,,,,,,0,,,,0,0,,0,,,0,0,0,,,,0,0,,,,0,,,,,,,,,,,0,0,,,,,,,,,,,,All Other,All Other,,,,2600,3,4598250.842,296.6613447,908336.5291,24.61673773,Yes,,21324372,ESTIMATE-1319504,378.593,0,,-2.423,,,1005.334,1,Outside Coverage Area,,44,,,,,,,,0,1.7,100,2.077,829.293,Ecopia,
2023_ Salt River Pima,79,,,,,,7/1/2023,7/1/2024,3230 STAPLEY,MESA,Maricopa,,AZ,,85203,US,33.474823,-111.80523,40451.82463,,1245.36916,9818.71291,365,USD,1,,AIR,100,,AIR,361,,0,0,SQFT,PEF+PES+PSL,,,,,,,,,,,EQ_ALL OTHER,PSH+PWH,,,,,,,,,,,WS_ALL OTHER,PFL,,,,,,,,,,,Flood_All,PNC,,,,,,,,,,,FR_All,,,,,,,,,,,,,,,,,,0,0,0,,,,0,,,0,,0,,,,,,,,,0,,,,0,0,,0,,,0,0,0,,,,0,0,,,,0,,,,,,,,,,,0,0,,,,,,,,,,,,All Other,All Other,,,,,,,,,,No,Invalid Floor Area,,,378.593,0,,-2.423,,,1005.334,1,Outside Coverage Area,,44,,,,,,,,0,1.7,100,2.077,829.293,Ecopia,
2023_ Salt River Pima,80,SRPMIC,,,,,7/1/2023,7/1/2024,3252 STAPLEY,MESA,Maricopa,,AZ,,85203,US,33.474823,-111.80523,1516943.424,,46701.34345,368201.7342,365,USD,1,,AIR,152,,AIR,362,2002,0,0,SQFT,PEF+PES+PSL,,,,,,,,,,,EQ_ALL OTHER,PSH+PWH,,,,,,,,,,,WS_ALL OTHER,PFL,,,,,,,,,,,Flood_All,PNC,,,,,,,,,,,FR_All,,,,,,,,,,,,,,,,,,0,0,0,,,,0,,,0,,0,,,,,,,,,0,,,,1,0,,0,,,0,0,0,,,,0,0,,,,0,,,,,,,,,,,0,0,,,,,,,,,,,,All Other,All Other,,,,,,,,,,No,Invalid Floor Area,,,378.593,0,,-2.423,,,1005.334,1,Outside Coverage Area,,44,,,,,,,,0,1.7,100,2.077,829.293,Ecopia,
2023_ Salt River Pima,81,SRPMIC,,,,,7/1/2023,7/1/2024,3255 LONGMORE,SCOTTSDALE,Maricopa,,AZ,,85256,US,33.48548,-111.86125,2019812.191,,190743.6212,520534.1397,365,USD,1,,AIR,111,,AIR,316,1995,0,12000,SQFT,PEF+PES+PSL,,,,,,,,,,,EQ_ALL OTHER,PSH+PWH,,,,,,,,,,,WS_ALL OTHER,PFL,,,,,,,,,,,Flood_All,PNC,,,,,,,,,,,FR_All,,,,,,,,,,,,,,,,,,0,0,0,,,,0,,,0,,0,,,,,,,,,0,,,,1,0,,0,,,0,0,0,,,,0,0,,,,0,,,,,,,,,,,0,0,,,,,,,,,,,,All Other,All Other,,,,5200,2,3224843.622,268.7369685,1205031.431,59.66056825,Yes,,21324373,ESTIMATE-1319504,378.952,0,,1.375,,,1212.037,1,Outside Coverage Area,,32,,,,,,,,0,0,,-3.218,1415.584,Ecopia,
2023_ Salt River Pima,82,SRPMIC,,,,,7/1/2023,7/1/2024,3261 LONGMORE,SCOTTSDALE,Maricopa,,AZ,,85256,US,33.48585,-111.86171,936783.3548,,131863.2442,251641.2546,365,USD,1,,AIR,152,,AIR,313,1992,0,6500,SQFT,PEF+PES+PSL,,,,,,,,,,,EQ_ALL OTHER,PSH+PWH,,,,,,,,,,,WS_ALL OTHER,PFL,,,,,,,,,,,Flood_All,PNC,,,,,,,,,,,FR_All,,,,,,,,,,,,,,,,,,0,0,0,,,,0,,,0,,0,,,,,,,,,0,,,,0,0,,0,,,0,0,0,,,,0,0,,,,0,,,,,,,,,,,0,0,,,,,,,,,,,,All Other,All Other,,,,8210,3,1001729.296,154.1121994,64945.94099,6.932866672,Yes,,21324374,ESTIMATE-1319504,379.265,0,,1.265,,,1169.328,1,Outside Coverage Area,,32,,,,,,,,0,0,,-2.905,1356.327,Ecopia,
2023_ Salt River Pima,83,SRPMIC,,,,,7/1/2023,7/1/2024,3311 LONGMORE,SCOTTSDALE,Maricopa,,AZ,,85256,US,33.48706,-111.86476,974646.2627,,69149.01018,245789.3491,365,USD,1,,AIR,111,,AIR,317,1987,0,4000,SQFT,PEF+PES+PSL,,,,,,,,,,,EQ_ALL OTHER,PSH+PWH,,,,,,,,,,,WS_ALL OTHER,PFL,,,,,,,,,,,Flood_All,PNC,,,,,,,,,,,FR_All,,,,,,,,,,,,,,,,,,0,0,0,,,,0,,,0,,0,,,,,,,,,0,,,,0,0,,0,,,0,0,0,,,,0,0,,,,0,,,,,,,,,,,0,0,,,,,,,,,,,,All Other,All Other,,,,4220,2,1301968.472,325.4921179,327322.2091,33.58369304,Yes,,21324375,ESTIMATE-1319504,380.11,0,,1.111,,,886.01,1,Outside Coverage Area,,32,,,,,,,,0,0,,-2.06,1065.009,Ecopia,
2023_ Salt River Pima,84,SRPMIC,,,,,7/1/2023,7/1/2024,3660 HORNE,MESA,Maricopa,,AZ,,85203,US,33.482296,-111.81219,2907589.172,,398750.3695,778565.553,365,USD,1,,AIR,111,,AIR,317,2015,0,15166,SQFT,PEF+PES+PSL,,,,,,,,,,,EQ_ALL OTHER,PSH+PWH,,,,,,,,,,,WS_ALL OTHER,PFL,,,,,,,,,,,Flood_All,PNC,,,,,,,,,,,FR_All,,,,,,,,,,,,,,,,,,0,0,0,,,,0,,,0,,0,,,,,,,,,0,,,,1,0,,0,,,0,0,0,,,,0,0,,,,0,,,,,,,,,,,0,0,,,,,,,,,,,,All Other,All Other,,,,4220,2,3941353.86,259.8809086,1033764.689,35.55401495,Yes,,21324376,ESTIMATE-1319504,378.73,0,,11.112,,,157.878,1,Outside Coverage Area,,57,,,,,,,,0,0.3,20,3.579,124.864,Ecopia,
2023_ Salt River Pima,85,SRPMIC,,,,,7/1/2023,7/1/2024,3897 COUNTRY CLUB,SCOTTSDALE,Maricopa,,AZ,,85256,US,33.493057,-111.83902,643626.9591,,19815.00642,156225.0502,365,USD,1,,AIR,100,,AIR,305,2003,0,3688,SQFT,PEF+PES+PSL,,,,,,,,,,,EQ_ALL OTHER,PSH+PWH,,,,,,,,,,,WS_ALL OTHER,PFL,,,,,,,,,,,Flood_All,PNC,,,,,,,,,,,FR_All,,,,,,,,,,,,,,,,,,0,0,0,,,,0,,,0,,0,,,,,,,,,0,,,,0,0,,0,,,0,0,0,,,,0,0,,,,0,,,,,,,,,,,0,0,,,,,,,,,,,,All Other,All Other,,,,,,,,,,No,Construction mapping does not exist in master table ,,,384.835,0,,5.818,,,294.583,1,Outside Coverage Area,,23,,,,,,,,0,0,,2.786,717.937,Ecopia,
2023_ Salt River Pima,86,SRPMIC,,,,,7/1/2023,7/1/2024,4101 CENTER,SCOTTSDALE,Maricopa,,AZ,,85256,US,33.49558,-111.83035,643626.9591,,19815.00642,156225.0502,365,USD,1,,AIR,100,,AIR,305,2003,0,3688,SQFT,PEF+PES+PSL,,,,,,,,,,,EQ_ALL OTHER,PSH+PWH,,,,,,,,,,,WS_ALL OTHER,PFL,,,,,,,,,,,Flood_All,PNC,,,,,,,,,,,FR_All,,,,,,,,,,,,,,,,,,0,0,0,,,,0,,,0,,0,,,,,,,,,0,,,,0,0,,0,,,0,0,0,,,,0,0,,,,0,,,,,,,,,,,0,0,,,,,,,,,,,,All Other,All Other,,,,,,,,,,No,Construction mapping does not exist in master table ,,,386.898,0,,7.881,,,574.728,1,Outside Coverage Area,,19,,,,,,,,0,0,,-3.111,769.886,Ecopia,
2023_ Salt River Pima,87,SRPMIC,,,,,7/1/2023,7/1/2024,4190 MACDONALD,SCOTTSDALE,Maricopa,,AZ,,85256,US,33.496567,-111.83356,166115.4179,,5114.10845,40320.54457,365,USD,1,,AIR,101,,AIR,317,,0,500,SQFT,PEF+PES+PSL,,,,,,,,,,,EQ_ALL OTHER,PSH+PWH,,,,,,,,,,,WS_ALL OTHER,PFL,,,,,,,,,,,Flood_All,PNC,,,,,,,,,,,FR_All,,,,,,,,,,,,,,,,,,0,0,0,,,,0,,,0,,0,,,,,,,,,0,,,,0,0,,0,,,0,0,0,,,,0,0,,,,0,,,,,,,,,,,0,0,,,,,,,,,,,,All Other,All Other,,,,4220,1,238607.5138,477.2150277,72492.096,43.63959525,Yes,,21324377,ESTIMATE-1319504,386.899,0,,7.882,,,484.825,1,Outside Coverage Area,,19,,,,,,,,0,0,,-3.513,774.296,Ecopia,
2023_ Salt River Pima,88,SRPMIC,,,,,7/1/2023,7/1/2024,4264 PIMA,SCOTTSDALE,Maricopa,,AZ,,85256,US,33.498207,-111.827156,399991.6871,,12314.33478,97088.41513,365,USD,1,,AIR,101,,AIR,317,,0,1700,SQFT,PEF+PES+PSL,,,,,,,,,,,EQ_ALL OTHER,PSH+PWH,,,,,,,,,,,WS_ALL OTHER,PFL,,,,,,,,,,,Flood_All,PNC,,,,,,,,,,,FR_All,,,,,,,,,,,,,,,,,,0,0,0,,,,0,,,0,,0,,,,,,,,,0,,,,0,0,,0,,,0,0,0,,,,0,0,,,,0,,,,,,,,,,,0,0,,,,,,,,,,,,All Other,All Other,,,,4220,1,596437.9951,350.8458795,196446.308,49.11259767,Yes,,21324378,ESTIMATE-1319504,388.701,0,,-4.744,,,912.994,1,Outside Coverage Area,,37,,,,,,,,0,0,,-1.986,397.169,Ecopia,
2023_ Salt River Pima,89,SRPMIC,,,,,7/1/2023,7/1/2024,4614 MESA,SCOTTSDALE,Maricopa,,AZ,,85256,US,33.50415,-111.82249,643626.9591,,19815.00642,156225.0502,365,USD,1,,AIR,100,,AIR,305,2003,0,3688,SQFT,PEF+PES+PSL,,,,,,,,,,,EQ_ALL OTHER,PSH+PWH,,,,,,,,,,,WS_ALL OTHER,PFL,,,,,,,,,,,Flood_All,PNC,,,,,,,,,,,FR_All,,,,,,,,,,,,,,,,,,0,0,0,,,,0,,,0,,0,,,,,,,,,0,,,,0,0,,0,,,0,0,0,,,,0,0,,,,0,,,,,,,,,,,0,0,,,,,,,,,,,,All Other,All Other,,,,,,,,,,No,Construction mapping does not exist in master table ,,,392.514,1.29,100,-0.817,,,140.011,1,Outside Coverage Area,,58,,,,,,,,0,0,,-1.29,0,Ecopia,
2023_ Salt River Pima,90,SRPMIC,,,,,7/1/2023,7/1/2024,4621 117TH,SCOTTSDALE,Maricopa,,AZ,,85256,US,33.504227,-111.82817,560977.8136,,32991.05498,139865.7624,365,USD,1,,AIR,152,,AIR,317,2010,0,2400,SQFT,PEF+PES+PSL,,,,,,,,,,,EQ_ALL OTHER,PSH+PWH,,,,,,,,,,,WS_ALL OTHER,PFL,,,,,,,,,,,Flood_All,PNC,,,,,,,,,,,FR_All,,,,,,,,,,,,,,,,,,0,0,0,,,,0,,,0,,0,,,,,,,,,0,,,,1,0,,0,,,0,0,0,,,,0,0,,,,0,,,,,,,,,,,0,0,,,,,,,,,,,,All Other,All Other,,,,4220,3,1036433.626,431.8473442,475455.8125,84.75483361,Yes,,21324379,ESTIMATE-1319504,390.921,0.53,100,-2.505,,,348.632,1,Outside Coverage Area,,58,,,,,,,,0,0,,-0.53,0,Ecopia,
2023_ Salt River Pima,91,SRPMIC,,,,,7/1/2023,7/1/2024,4701 STAPLEY,MESA,Maricopa,,AZ,,85203,US,33.48078,-111.80477,7079069.31,,217939.6028,1718274.759,365,USD,1,,AIR,100,,AIR,362,1996,0,0,SQFT,PEF+PES+PSL,,,,,,,,,,,EQ_ALL OTHER,PSH+PWH,,,,,,,,,,,WS_ALL OTHER,PFL,,,,,,,,,,,Flood_All,PNC,,,,,,,,,,,FR_All,,,,,,,,,,,,,,,,,,0,0,0,,,,0,,,0,,0,,,,,,,,,0,,,,0,0,,0,,,0,0,0,,,,0,0,,,,0,,,,,,,,,,,0,0,,,,,,,,,,,,All Other,All Other,,,,,,,,,,No,Invalid Floor Area,,,379.599,0,,11.881,,,421.857,1,Outside Coverage Area,,24,,,,,,,,0,0,100,5.279,301.968,Ecopia,
2023_ Salt River Pima,92,,,,,,7/1/2023,7/1/2024,4827 COUNTRY CLUB,SCOTTSDALE,Maricopa,,AZ,,85256,US,33.507355,-111.838104,50564.78079,,1556.71145,12273.39114,365,USD,1,,AIR,100,,AIR,361,,0,0,SQFT,PEF+PES+PSL,,,,,,,,,,,EQ_ALL OTHER,PSH+PWH,,,,,,,,,,,WS_ALL OTHER,PFL,,,,,,,,,,,Flood_All,PNC,,,,,,,,,,,FR_All,,,,,,,,,,,,,,,,,,0,0,0,,,,0,,,0,,0,,,,,,,,,0,,,,0,0,,0,,,0,0,0,,,,0,0,,,,0,,,,,,,,,,,0,0,,,,,,,,,,,,All Other,All Other,,,,,,,,,,No,Invalid Floor Area,,,390.625,0.36,100,-2.248,,,421.059,1,Outside Coverage Area,,58,,,,,,,,0,0,,-0.36,0,Ecopia,
2023_ Salt River Pima,93,SRPMIC,,,,,7/1/2023,7/1/2024,5024 LONGMORE,SCOTTSDALE,Maricopa,,AZ,,85256,US,33.509876,-111.865746,643626.9591,,19815.00642,156225.0502,365,USD,1,,AIR,100,,AIR,305,2003,0,3688,SQFT,PEF+PES+PSL,,,,,,,,,,,EQ_ALL OTHER,PSH+PWH,,,,,,,,,,,WS_ALL OTHER,PFL,,,,,,,,,,,Flood_All,PNC,,,,,,,,,,,FR_All,,,,,,,,,,,,,,,,,,0,0,0,,,,0,,,0,,0,,,,,,,,,0,,,,0,0,,0,,,0,0,0,,,,0,0,,,,0,,,,,,,,,,,0,0,,,,,,,,,,,,All Other,All Other,,,,,,,,,,No,Construction mapping does not exist in master table ,,,384.966,0,,-0.671,,,788.75,1,Outside Coverage Area,,37,,,,,,,,0,0,,-4.328,943.762,Ecopia,
2023_ Salt River Pima,94,SRPMIC,,,,,7/1/2023,7/1/2024,5110 LONGMORE,SCOTTSDALE,Maricopa,,AZ,,85256,US,33.51113,-111.86563,1516943.424,,46701.34345,368201.7342,365,USD,1,,AIR,111,,AIR,362,1986,0,0,SQFT,PEF+PES+PSL,,,,,,,,,,,EQ_ALL OTHER,PSH+PWH,,,,,,,,,,,WS_ALL OTHER,PFL,,,,,,,,,,,Flood_All,PNC,,,,,,,,,,,FR_All,,,,,,,,,,,,,,,,,,0,0,0,,,,0,,,0,,0,,,,,,,,,0,,,,0,0,,0,,,0,0,0,,,,0,0,,,,0,,,,,,,,,,,0,0,,,,,,,,,,,,All Other,All Other,,,,,,,,,,No,Invalid Floor Area,,,385.841,0,,-0.076,,,802.561,1,Outside Coverage Area,,37,,,,,,,,0,0,,-3.453,829.683,Ecopia,
2023_ Salt River Pima,95,SRPMIC,,,,,7/1/2023,7/1/2024,7237 DOBSON,SCOTTSDALE,Maricopa,,AZ,,85256,US,33.539856,-111.870995,1011295.616,,31134.22897,245467.8228,365,USD,1,,AIR,100,,AIR,362,,0,0,SQFT,PEF+PES+PSL,,,,,,,,,,,EQ_ALL OTHER,PSH+PWH,,,,,,,,,,,WS_ALL OTHER,PFL,,,,,,,,,,,Flood_All,PNC,,,,,,,,,,,FR_All,,,,,,,,,,,,,,,,,,0,0,0,,,,0,,,0,,0,,,,,,,,,0,,,,0,0,,0,,,0,0,0,,,,0,0,,,,0,,,,,,,,,,,0,0,,,,,,,,,,,,All Other,All Other,,,,,,,,,,No,Invalid Floor Area,,,396.151,0,,0.727,,,299.065,1,Outside Coverage Area,,40,,,,,,,,0,0,100,-1.618,330.744,Ecopia,
2023_ Salt River Pima,96,SRPMIC,,,,,7/1/2023,7/1/2024,7293 MESA,SCOTTSDALE,Maricopa,,AZ,,85256,US,33.54315,-111.820885,368366.4506,,11340.70517,89412.14538,365,USD,1,,AIR,100,,AIR,362,2005,0,0,SQFT,PEF+PES+PSL,,,,,,,,,,,EQ_ALL OTHER,PSH+PWH,,,,,,,,,,,WS_ALL OTHER,PFL,,,,,,,,,,,Flood_All,PNC,,,,,,,,,,,FR_All,,,,,,,,,,,,,,,,,,0,0,0,,,,0,,,0,,0,,,,,,,,,0,,,,0,0,,0,,,0,0,0,,,,0,0,,,,0,,,,,,,,,,,0,0,,,,,,,,,,,,All Other,All Other,,,,,,,,,,No,Invalid Floor Area,,,420.579,0.52,20,0.865,,,488.501,1,Outside Coverage Area,,77,,,,,,,,0,0,,-2.04,0,Ecopia,
2023_ Salt River Pima,97,,,,,,7/1/2023,7/1/2024,7315 MESA,SCOTTSDALE,Maricopa,,AZ,,85256,US,33.54315,-111.820885,383677.4663,,11812.0774,93128.52822,365,USD,1,,AIR,100,,AIR,317,,0,0,SQFT,PEF+PES+PSL,,,,,,,,,,,EQ_ALL OTHER,PSH+PWH,,,,,,,,,,,WS_ALL OTHER,PFL,,,,,,,,,,,Flood_All,PNC,,,,,,,,,,,FR_All,,,,,,,,,,,,,,,,,,0,0,0,,,,0,,,0,,0,,,,,,,,,0,,,,0,0,,0,,,0,0,0,,,,0,0,,,,0,,,,,,,,,,,0,0,,,,,,,,,,,,All Other,All Other,,,,,,,,,,No,Invalid Floor Area,,,420.579,0.52,20,0.865,,,488.501,1,Outside Coverage Area,,77,,,,,,,,0,0,,-2.04,0,Ecopia,
2023_ Salt River Pima,98,SRPMIC,,,,,7/1/2023,7/1/2024,7322 FORT MCDOWELL,FORT MCDOWELL,Maricopa,,AZ,,85264,US,33.548332,-111.66681,548975.7573,,19499.6421,133862.6472,365,USD,1,,AIR,111,,AIR,303,1968,0,1700,SQFT,PEF+PES+PSL,,,,,,,,,,,EQ_ALL OTHER,PSH+PWH,,,,,,,,,,,WS_ALL OTHER,PFL,,,,,,,,,,,Flood_All,PNC,,,,,,,,,,,FR_All,,,,,,,,,,,,,,,,,,0,0,0,,,,0,,,0,,0,,,,,,,,,0,,,,0,0,,0,,,0,0,0,,,,0,0,,,,0,,,,,,,,,,,0,0,,,,,,,,,,,,All Other,All Other,,,,1230,2,349069.5455,205.3350268,-199906.2117,-36.41439701,Yes,,21324380,ESTIMATE-1319504,418.711,0.71,100,15.274,,,255.806,1,Outside Coverage Area,,58,,,,,,,,0,0,20,-0.71,0,Ecopia,
2023_ Salt River Pima,99,Privately owned contents only,,,,,7/1/2023,7/1/2024,8421 PIMA CENTER,SCOTTSDALE,Maricopa,,AZ,,85258,US,33.55685,-111.88067,0,,681200.3971,160406.7451,365,USD,1,,AIR,114,,AIR,315,,0,825,SQFT,PEF+PES+PSL,,,,,,,,,,,EQ_ALL OTHER,PSH+PWH,,,,,,,,,,,WS_ALL OTHER,PFL,,,,,,,,,,,Flood_All,PNC,,,,,,,,,,,FR_All,,,,,,,,,,,,,,,,,,0,0,0,,,,0,,,0,,0,,,,,,,,,0,,,,0,0,,0,,,0,0,0,,,,0,0,,,,0,,,,,,,,,,,0,0,,,,,,,,,,,,All Other,All Other,,,,,,,,,,No,Building Value should be greater than $ 1,,,404.649,0.72,500,-2.173,,,156.987,1,Outside Coverage Area,,54,,,,,,,,0,0.2,100,0.109,76.08,Ecopia,
2023_ Salt River Pima,100,SRPMIC,,,,,7/1/2023,7/1/2024,8803 MCKELLIPS,MESA,Maricopa,,AZ,,85207,US,33.450676,-111.64088,10112956.16,,311342.2897,2454678.228,365,USD,1,,AIR,100,,AIR,362,1998,0,0,SQFT,PEF+PES+PSL,,,,,,,,,,,EQ_ALL OTHER,PSH+PWH,,,,,,,,,,,WS_ALL OTHER,PFL,,,,,,,,,,,Flood_All,PNC,,,,,,,,,,,FR_All,,,,,,,,,,,,,,,,,,0,0,0,,,,0,,,0,,0,,,,,,,,,0,,,,0,0,,0,,,0,0,0,,,,0,0,,,,0,,,,,,,,,,,0,0,,,,,,,,,,,,All Other,All Other,,,,,,,,,,No,Invalid Floor Area,,,518.684,0,,0.65,,,347.196,1,Outside Coverage Area,,32,,,,,,,,0,0,,1.172,142.481,Ecopia,
2023_ Salt River Pima,101,,,,,,7/1/2023,7/1/2024,8805 MCKELLIPS,MESA,Maricopa,,AZ,,85207,US,33.450676,-111.64088,50564.78079,,1556.71145,12273.39114,365,USD,1,,AIR,100,,AIR,361,,0,0,SQFT,PEF+PES+PSL,,,,,,,,,,,EQ_ALL OTHER,PSH+PWH,,,,,,,,,,,WS_ALL OTHER,PFL,,,,,,,,,,,Flood_All,PNC,,,,,,,,,,,FR_All,,,,,,,,,,,,,,,,,,0,0,0,,,,0,,,0,,0,,,,,,,,,0,,,,0,0,,0,,,0,0,0,,,,0,0,,,,0,,,,,,,,,,,0,0,,,,,,,,,,,,All Other,All Other,,,,,,,,,,No,Invalid Floor Area,,,518.684,0,,0.65,,,347.196,1,Outside Coverage Area,,32,,,,,,,,0,0,,1.172,142.481,Ecopia,
2023_ Salt River Pima,102,,,,,,7/1/2023,7/1/2024,9013 OSBORN,SCOTTSDALE,Maricopa,,AZ,,85256,US,33.486614,-111.88626,1900016.135,,25621999.43,6480790.311,365,USD,1,,AIR,100,,AIR,314,2021,0,0,SQFT,PEF+PES+PSL,,,,,,,,,,,EQ_ALL OTHER,PSH+PWH,,,,,,,,,,,WS_ALL OTHER,PFL,,,,,,,,,,,Flood_All,PNC,,,,,,,,,,,FR_All,,,,,,,,,,,,,,,,,,0,0,0,,,,0,,,0,,0,,,,,,,,,0,,,,0,0,,0,,,0,0,0,,,,0,0,,,,0,,,,,,,,,,,0,0,,,,,,,,,,,,All Other,All Other,,,,,,,,,,No,Invalid Floor Area,,,378.104,0,,1.669,,,191.271,1,Outside Coverage Area,,64,,,,,,,,0,0,20,-2.471,982.669,Ecopia,
2023_ Salt River Pima,103,SRPMIC,,,,,7/1/2023,7/1/2024,9013 OSBORN,SCOTTSDALE,Maricopa,,AZ,,85256,US,33.486614,-111.88626,488937.1591,,9302438.808,2305639.802,365,USD,1,,AIR,100,,AIR,314,2021,0,0,SQFT,PEF+PES+PSL,,,,,,,,,,,EQ_ALL OTHER,PSH+PWH,,,,,,,,,,,WS_ALL OTHER,PFL,,,,,,,,,,,Flood_All,PNC,,,,,,,,,,,FR_All,,,,,,,,,,,,,,,,,,0,0,0,,,,0,,,0,,0,,,,,,,,,0,,,,0,0,,0,,,0,0,0,,,,0,0,,,,0,,,,,,,,,,,0,0,,,,,,,,,,,,All Other,All Other,,,,,,,,,,No,Invalid Floor Area,,,378.104,0,,1.669,,,191.271,1,Outside Coverage Area,,64,,,,,,,,0,0,20,-2.471,982.669,Ecopia,
2023_ Salt River Pima,104,SRPMIC,,,,,7/1/2023,7/1/2024,RED MOUNTAIN,MESA,Maricopa,,AZ,,85215,US,33.4661,-111.70947,269914.7999,,8309.72571,65515.3619,365,USD,1,,AIR,111,,AIR,343,1968,0,1000,SQFT,PEF+PES+PSL,,,,,,,,,,,EQ_ALL OTHER,PSH+PWH,,,,,,,,,,,WS_ALL OTHER,PFL,,,,,,,,,,,Flood_All,PNC,,,,,,,,,,,FR_All,,,,,,,,,,,,,,,,,,0,0,0,,,,0,,,0,,0,,,,,,,,,0,,,,0,0,,0,,,0,0,0,,,,0,0,,,,0,,,,,,,,,,,0,0,,,,,,,,,,,,All Other,All Other,,,,2600,2,366695.6846,366.6956846,96780.88473,35.85608673,Yes,,21324381,ESTIMATE-1319504,433.882,1.14,20,0.678,,,285.504,1,Outside Coverage Area,,77,,,,,,,,0,0,,-2.66,0,Ecopia,
2023_ Salt River Pima,105,Privately owned contents only,,,,,7/1/2023,7/1/2024,9035 PIMA CENTER,SCOTTSDALE,Maricopa,,AZ,,85258,US,33.55929,-111.886894,0,,29528.9402,6953.37408,365,USD,1,,AIR,101,,AIR,313,2005,1,2546,SQFT,PEF+PES+PSL,,,,,,,,,,,EQ_ALL OTHER,PSH+PWH,,,,,,,,,,,WS_ALL OTHER,PFL,,,,,,,,,,,Flood_All,PNC,,,,,,,,,,,FR_All,,,,,,,,,,,,,,,,,,0,0,0,,,,0,,,0,,0,,,,,,,,,0,,,,0,0,,0,,,0,0,0,,,,0,0,,,,0,,,,,,,,,,,0,0,,,,,,,,,,,,All Other,All Other,,,,,,,,,,No,Building Value should be greater than $ 1,,,404.586,0.66,500,0.031,,,19.603,1,Outside Coverage Area,,51,,,,,,,,0,0.5,100,-2.33,349.057,Ecopia,
2023_ Salt River Pima,106,SRPMIC,,,,,7/1/2023,7/1/2024,9385 MONTEBELLO,SCOTTSDALE,Maricopa,,AZ,,85256,US,33.520596,-111.87806,2528239.039,,77835.57242,613669.5569,365,USD,1,,AIR,100,,AIR,343,1995,0,0,SQFT,PEF+PES+PSL,,,,,,,,,,,EQ_ALL OTHER,PSH+PWH,,,,,,,,,,,WS_ALL OTHER,PFL,,,,,,,,,,,Flood_All,PNC,,,,,,,,,,,FR_All,,,,,,,,,,,,,,,,,,0,0,0,,,,0,,,0,,0,,,,,,,,,0,,,,0,0,,0,,,0,0,0,,,,0,0,,,,0,,,,,,,,,,,0,0,,,,,,,,,,,,All Other,All Other,,,,,,,,,,No,Invalid Floor Area,,,388.268,0.16,500,0.399,,,357.534,1,Outside Coverage Area,,51,,,,,,,,0,0.3,100,-0.471,177.245,Ecopia,
2023_ Salt River Pima,107,SRPMIC,,,,,7/1/2023,7/1/2024,9642 TALKING STICK,SCOTTSDALE,Maricopa,,AZ,,85256,US,33.539856,-111.870995,517059.2676,,600031.1136,263048.6311,365,USD,1,,AIR,100,,AIR,314,2008,0,0,SQFT,PEF+PES+PSL,,,,,,,,,,,EQ_ALL OTHER,PSH+PWH,,,,,,,,,,,WS_ALL OTHER,PFL,,,,,,,,,,,Flood_All,PNC,,,,,,,,,,,FR_All,,,,,,,,,,,,,,,,,,0,0,0,,,,0,,,0,,0,,,,,,,,,0,,,,0,0,,0,,,0,0,0,,,,0,0,,,,0,,,,,,,,,,,0,0,,,,,,,,,,,,All Other,All Other,,,,,,,,,,No,Invalid Floor Area,,,396.151,0,,0.727,,,299.065,1,Outside Coverage Area,,40,,,,,,,,0,0,100,-1.618,330.744,Ecopia,
2023_ Salt River Pima,108,SRPMIC,,,,,7/1/2023,7/1/2024,9642 TALKING STICK,SCOTTSDALE,Maricopa,,AZ,,85256,US,33.539856,-111.870995,188695.6264,,589921.9539,183346.2109,365,USD,1,,AIR,100,,AIR,314,2008,0,0,SQFT,PEF+PES+PSL,,,,,,,,,,,EQ_ALL OTHER,PSH+PWH,,,,,,,,,,,WS_ALL OTHER,PFL,,,,,,,,,,,Flood_All,PNC,,,,,,,,,,,FR_All,,,,,,,,,,,,,,,,,,0,0,0,,,,0,,,0,,0,,,,,,,,,0,,,,0,0,,0,,,0,0,0,,,,0,0,,,,0,,,,,,,,,,,0,0,,,,,,,,,,,,All Other,All Other,,,,,,,,,,No,Invalid Floor Area,,,396.151,0,,0.727,,,299.065,1,Outside Coverage Area,,40,,,,,,,,0,0,100,-1.618,330.744,Ecopia,
2023_ Salt River Pima,109,SRPMIC,,,,,7/1/2023,7/1/2024,9642 TALKING STICK,SCOTTSDALE,Maricopa,,AZ,,85256,US,33.539856,-111.870995,330858.5076,,594298.6482,217852.8501,365,USD,1,,AIR,100,,AIR,314,2008,0,0,SQFT,PEF+PES+PSL,,,,,,,,,,,EQ_ALL OTHER,PSH+PWH,,,,,,,,,,,WS_ALL OTHER,PFL,,,,,,,,,,,Flood_All,PNC,,,,,,,,,,,FR_All,,,,,,,,,,,,,,,,,,0,0,0,,,,0,,,0,,0,,,,,,,,,0,,,,0,0,,0,,,0,0,0,,,,0,0,,,,0,,,,,,,,,,,0,0,,,,,,,,,,,,All Other,All Other,,,,,,,,,,No,Invalid Floor Area,,,396.151,0,,0.727,,,299.065,1,Outside Coverage Area,,40,,,,,,,,0,0,100,-1.618,330.744,Ecopia,
2023_ Salt River Pima,110,SRPMIC,,,,,7/1/2023,7/1/2024,9771 PINCHOT,SCOTTSDALE,Maricopa,,AZ,,85256,US,33.482826,-111.87001,419533.9636,,21300.38982,103806.1693,365,USD,1,,AIR,152,,AIR,317,2010,0,1600,SQFT,PEF+PES+PSL,,,,,,,,,,,EQ_ALL OTHER,PSH+PWH,,,,,,,,,,,WS_ALL OTHER,PFL,,,,,,,,,,,Flood_All,PNC,,,,,,,,,,,FR_All,,,,,,,,,,,,,,,,,,0,0,0,,,,0,,,0,,0,,,,,,,,,0,,,,1,0,,0,,,0,0,0,,,,0,0,,,,0,,,,,,,,,,,0,0,,,,,,,,,,,,All Other,All Other,,,,4220,3,767249.4366,479.5308979,347715.473,82.88136436,Yes,,21324382,ESTIMATE-1319504,379.408,0,,1.186,,,428.243,1,Outside Coverage Area,,32,,,,,,,,0,0,,-2.762,1300.497,Ecopia,
2023_ Salt River Pima,111,SRPMIC,,,,,7/1/2023,7/1/2024,9840 INDIAN BEND,SCOTTSDALE,Maricopa,,AZ,,85250,US,33.539856,-111.870995,3689444.061,,308373.7351,941392.4929,365,USD,1,,AIR,152,,AIR,343,2004,1,15500,SQFT,PEF+PES+PSL,,,,,,,,,,,EQ_ALL OTHER,PSH+PWH,,,,,,,,,,,WS_ALL OTHER,PFL,,,,,,,,,,,Flood_All,PNC,,,,,,,,,,,FR_All,,,,,,,,,,,,,,,,,,0,0,0,,,,0,,,0,,0,,,,,,,,,0,,,,1,0,,0,,,0,0,0,,,,0,0,,,,0,,,,,,,,,,,0,0,,,,,,,,,,,,All Other,All Other,,,,2600,3,4645412.39,299.7040251,955968.3287,25.91090454,Yes,,21324383,ESTIMATE-1319504,396.151,0,,0.727,,,299.065,1,Outside Coverage Area,,40,,,,,,,,0,0,100,-1.618,330.744,Ecopia,
2023_ Salt River Pima,112,SRPMIC,,,,,7/1/2023,7/1/2024,9849 EARLL,SCOTTSDALE,Maricopa,,AZ,,85256,US,33.483204,-111.86919,2531490.355,,195813.3181,642216.1626,365,USD,1,,AIR,100,,AIR,317,2002,0,13800,SQFT,PEF+PES+PSL,,,,,,,,,,,EQ_ALL OTHER,PSH+PWH,,,,,,,,,,,WS_ALL OTHER,PFL,,,,,,,,,,,Flood_All,PNC,,,,,,,,,,,FR_All,,,,,,,,,,,,,,,,,,0,0,0,,,,0,,,0,,0,,,,,,,,,0,,,,0,0,,0,,,0,0,0,,,,0,0,,,,0,,,,,,,,,,,0,0,,,,,,,,,,,,All Other,All Other,,,,,,,,,,No,Construction mapping does not exist in master table ,,,379.289,0,,1.067,,,488.136,1,Outside Coverage Area,,32,,,,,,,,0,0,,-2.881,1273.193,Ecopia,
2023_ Salt River Pima,113,SRPMIC,,,,,7/1/2023,7/1/2024,CENTER,SCOTTSDALE,Maricopa,,AZ,,85256,US,33.479053,-111.8313,809036.4926,,24907.38317,196374.2582,365,USD,1,,AIR,100,,AIR,362,,0,0,SQFT,PEF+PES+PSL,,,,,,,,,,,EQ_ALL OTHER,PSH+PWH,,,,,,,,,,,WS_ALL OTHER,PFL,,,,,,,,,,,Flood_All,PNC,,,,,,,,,,,FR_All,,,,,,,,,,,,,,,,,,0,0,0,,,,0,,,0,,0,,,,,,,,,0,,,,0,0,,0,,,0,0,0,,,,0,0,,,,0,,,,,,,,,,,0,0,,,,,,,,,,,,All Other,All Other,,,,,,,,,,No,Invalid Floor Area,,,379.582,0,,12.966,,,683.189,1,Outside Coverage Area,,10,,,,,,,,0,0,,-4.388,203.34,Ecopia,
2023_ Salt River Pima,114,SRPMIC,,,,,7/1/2023,7/1/2024,N NORTHSTAR CIR,Scottsdale,Maricopa,,AZ,,85266,US,,,0,,0,0,365,USD,1,,AIR,111,,AIR,313,1935,0,550,SQFT,PEF+PES+PSL,,,,,,,,,,,EQ_ALL OTHER,PSH+PWH,,,,,,,,,,,WS_ALL OTHER,PFL,,,,,,,,,,,Flood_All,PNC,,,,,,,,,,,FR_All,,,,,,,,,,,,,,,,,,0,0,0,,,,0,,,0,,0,,,,,,,,,0,,,,0,0,,0,,,0,0,0,,,,0,0,,,,0,,,,,,,,,,,0,0,,,,,,,,,,,,All Other,All Other,,,,,,,,,,No,Building Value should be greater than $ 1,,,732.567,0.65,100,-0.107,,,12.365,1,Outside Coverage Area,,58,,,,,,,,0,0,,-0.65,0,AIR,
2023_ Salt River Pima,115,SRPMIC,,,,,7/1/2023,7/1/2024,GILBERT RD,,Maricopa,,AZ,,85256,US,,,809036.4926,,24907.38317,196374.2582,365,USD,1,,AIR,100,,AIR,362,,0,0,SQFT,PEF+PES+PSL,,,,,,,,,,,EQ_ALL OTHER,PSH+PWH,,,,,,,,,,,WS_ALL OTHER,PFL,,,,,,,,,,,Flood_All,PNC,,,,,,,,,,,FR_All,,,,,,,,,,,,,,,,,,0,0,0,,,,0,,,0,,0,,,,,,,,,0,,,,0,0,,0,,,0,0,0,,,,0,0,,,,0,,,,,,,,,,,0,0,,,,,,,,,,,,All Other,All Other,,,,,,,,,,No,Invalid Floor Area,,,381.433,4.38,20,1.758,,,389.703,1,Outside Coverage Area,,88,,,,,,,,0,-0.2,20,-5.86,0,AIR,
2023_ Salt River Pima,116,SRPMIC,,,,,7/1/2023,7/1/2024,E PEROLA DR,Scottsdale,Maricopa,,AZ,,85266,US,,,0,,0,89956543.25,365,USD,1,,AIR,100,,AIR,343,,0,0,SQFT,PEF+PES+PSL,,,,,,,,,,,EQ_ALL OTHER,PSH+PWH,,,,,,,,,,,WS_ALL OTHER,PFL,,,,,,,,,,,Flood_All,PNC,,,,,,,,,,,FR_All,,,,,,,,,,,,,,,,,,0,0,0,,,,0,,,0,,0,,,,,,,,,0,,,,0,0,,0,,,0,0,0,,,,0,0,,,,0,,,,,,,,,,,0,0,,,,,,,,,,,,All Other,All Other,,,,,,,,,,No,Building Value should be greater than $ 1,,,688.828,0.73,100,-0.005,,,172.234,1,Outside Coverage Area,,58,,,,,,,,0,0,,-0.73,0,AIR,
2023_ Salt River Pima,117,SRPMIC,,,,,7/1/2023,7/1/2024,,Scottsdale,Maricopa,,AZ,,85256,US,,,1011295.616,,31134.22897,245467.8228,365,USD,1,,AIR,111,,AIR,362,,0,0,SQFT,PEF+PES+PSL,,,,,,,,,,,EQ_ALL OTHER,PSH+PWH,,,,,,,,,,,WS_ALL OTHER,PFL,,,,,,,,,,,Flood_All,PNC,,,,,,,,,,,FR_All,,,,,,,,,,,,,,,,,,0,0,0,,,,0,,,0,,0,,,,,,,,,0,,,,0,0,,0,,,0,0,0,,,,0,0,,,,0,,,,,,,,,,,0,0,,,,,,,,,,,,All Other,All Other,,,,,,,,,,No,Invalid Floor Area,,,,,,,,,,,,,,,,,,,,,,,,,,AIR,
2023_ Salt River Pima,118,SRPMIC,,,,,7/1/2023,7/1/2024,7555 N PIMA RD,Scottsdale,Maricopa,,AZ,,85258,US,,,308896.2007,,12378947.55,2987690.151,365,USD,1,,AIR,100,,AIR,361,2019,0,0,SQFT,PEF+PES+PSL,,,,,,,,,,,EQ_ALL OTHER,PSH+PWH,,,,,,,,,,,WS_ALL OTHER,PFL,,,,,,,,,,,Flood_All,PNC,,,,,,,,,,,FR_All,,,,,,,,,,,,,,,,,,0,0,0,,,,0,,,0,,0,,,,,,,,,0,,,,0,0,,0,,,0,0,0,,,,0,0,,,,0,,,,,,,,,,,0,0,,,,,,,,,,,,All Other,All Other,,,,,,,,,,No,Invalid Floor Area,,,398.294,0.14,100,0.288,,,20.735,1,Outside Coverage Area,,62,,,,,,,,0,0.1,100,-0.14,0,AIR,
2023_ Salt River Pima,119,SRPMIC,,,,,7/1/2023,7/1/2024,7555 N PIMA RD,Scottsdale,Maricopa,,AZ,,85258,US,,,636846.222,,12389043.97,3067292.175,365,USD,1,,AIR,100,,AIR,362,2019,0,0,SQFT,PEF+PES+PSL,,,,,,,,,,,EQ_ALL OTHER,PSH+PWH,,,,,,,,,,,WS_ALL OTHER,PFL,,,,,,,,,,,Flood_All,PNC,,,,,,,,,,,FR_All,,,,,,,,,,,,,,,,,,0,0,0,,,,0,,,0,,0,,,,,,,,,0,,,,0,0,,0,,,0,0,0,,,,0,0,,,,0,,,,,,,,,,,0,0,,,,,,,,,,,,All Other,All Other,,,,,,,,,,No,Invalid Floor Area,,,398.294,0.14,100,0.288,,,20.735,1,Outside Coverage Area,,62,,,,,,,,0,0.1,100,-0.14,0,AIR,
2023_ Salt River Pima,120,SRPMIC,,,,,7/1/2023,7/1/2024,7555 N PIMA RD,Scottsdale,Maricopa,,AZ,,85258,US,,,621592.8502,,12388574.37,3063589.784,365,USD,1,,AIR,100,,AIR,325,2019,0,0,SQFT,PEF+PES+PSL,,,,,,,,,,,EQ_ALL OTHER,PSH+PWH,,,,,,,,,,,WS_ALL OTHER,PFL,,,,,,,,,,,Flood_All,PNC,,,,,,,,,,,FR_All,,,,,,,,,,,,,,,,,,0,0,0,,,,0,,,0,,0,,,,,,,,,0,,,,0,0,,0,,,0,0,0,,,,0,0,,,,0,,,,,,,,,,,0,0,,,,,,,,,,,,All Other,All Other,,,,,,,,,,No,Invalid Floor Area,,,398.294,0.14,100,0.288,,,20.735,1,Outside Coverage Area,,62,,,,,,,,0,0.1,100,-0.14,0,AIR,
2023_ Salt River Pima,121,SRPMIC,,,,,7/1/2023,7/1/2024,7555 N PIMA RD,Scottsdale,Maricopa,,AZ,,85258,US,,,1151229.601,,12404880.02,3192146.437,365,USD,1,,AIR,100,,AIR,362,2019,0,0,SQFT,PEF+PES+PSL,,,,,,,,,,,EQ_ALL OTHER,PSH+PWH,,,,,,,,,,,WS_ALL OTHER,PFL,,,,,,,,,,,Flood_All,PNC,,,,,,,,,,,FR_All,,,,,,,,,,,,,,,,,,0,0,0,,,,0,,,0,,0,,,,,,,,,0,,,,0,0,,0,,,0,0,0,,,,0,0,,,,0,,,,,,,,,,,0,0,,,,,,,,,,,,All Other,All Other,,,,,,,,,,No,Invalid Floor Area,,,398.294,0.14,100,0.288,,,20.735,1,Outside Coverage Area,,62,,,,,,,,0,0.1,100,-0.14,0,AIR,
2023_ Salt River Pima,122,SRPMIC,,,,,7/1/2023,7/1/2024,1779 LONGMORE,SCOTTSDALE,Maricopa,,AZ,,85256,US,33.467842,-111.86534,774421.8663,,23841.72078,187972.3856,365,USD,1,,AIR,100,,AIR,317,,0,0,SQFT,PEF+PES+PSL,,,,,,,,,,,EQ_ALL OTHER,PSH+PWH,,,,,,,,,,,WS_ALL OTHER,PFL,,,,,,,,,,,Flood_All,PNC,,,,,,,,,,,FR_All,,,,,,,,,,,,,,,,,,0,0,0,,,,0,,,0,,0,,,,,,,,,0,,,,0,0,,0,,,0,0,0,,,,0,0,,,,0,,,,,,,,,,,0,0,,,,,,,,,,,,All Other,All Other,,,,,,,,,,No,Invalid Floor Area,,,372.031,0,,-0.391,,,1225.068,1,Outside Coverage Area,,37,,,,,,,,0,0,,-1.331,82.648,Ecopia,
2023_ Salt River Pima,123,SRPMIC,,,,,7/1/2023,7/1/2024,1759 LONGMORE,SCOTTSDALE,Maricopa,,AZ,,85256,US,33.46759,-111.86396,681969.2211,,20995.42957,165531.7172,365,USD,1,,AIR,100,,AIR,346,1990,0,0,SQFT,PEF+PES+PSL,,,,,,,,,,,EQ_ALL OTHER,PSH+PWH,,,,,,,,,,,WS_ALL OTHER,PFL,,,,,,,,,,,Flood_All,PNC,,,,,,,,,,,FR_All,,,,,,,,,,,,,,,,,,0,0,0,,,,0,,,0,,0,,,,,,,,,0,,,,0,0,,0,,,0,0,0,,,,0,0,,,,0,,,,,,,,,,,0,0,,,,,,,,,,,,All Other,All Other,,,,,,,,,,No,Invalid Floor Area,,,372.343,0,,3.428,,,1291.734,1,Outside Coverage Area,,23,,,,,,,,0,0,,-1.284,149.158,Ecopia,
2023_ Salt River Pima,124,SRPMIC,,,,,7/1/2023,7/1/2024,1755 LONGMORE,SCOTTSDALE,Maricopa,,AZ,,85256,US,33.467842,-111.86534,298570.8724,,9191.94522,72470.93812,365,USD,1,,AIR,100,,AIR,313,1990,0,0,SQFT,PEF+PES+PSL,,,,,,,,,,,EQ_ALL OTHER,PSH+PWH,,,,,,,,,,,WS_ALL OTHER,PFL,,,,,,,,,,,Flood_All,PNC,,,,,,,,,,,FR_All,,,,,,,,,,,,,,,,,,0,0,0,,,,0,,,0,,0,,,,,,,,,0,,,,0,0,,0,,,0,0,0,,,,0,0,,,,0,,,,,,,,,,,0,0,,,,,,,,,,,,All Other,All Other,,,,,,,,,,No,Invalid Floor Area,,,372.031,0,,-0.391,,,1225.068,1,Outside Coverage Area,,37,,,,,,,,0,0,,-1.331,82.648,Ecopia,
2023_ Salt River Pima,125,SRPMIC,,,,,7/1/2023,7/1/2024,1755 LONGMORE,SCOTTSDALE,Maricopa,,AZ,,85256,US,33.467842,-111.86534,298570.8724,,9191.94522,72470.93812,365,USD,1,,AIR,100,,AIR,313,1990,0,0,SQFT,PEF+PES+PSL,,,,,,,,,,,EQ_ALL OTHER,PSH+PWH,,,,,,,,,,,WS_ALL OTHER,PFL,,,,,,,,,,,Flood_All,PNC,,,,,,,,,,,FR_All,,,,,,,,,,,,,,,,,,0,0,0,,,,0,,,0,,0,,,,,,,,,0,,,,0,0,,0,,,0,0,0,,,,0,0,,,,0,,,,,,,,,,,0,0,,,,,,,,,,,,All Other,All Other,,,,,,,,,,No,Invalid Floor Area,,,372.031,0,,-0.391,,,1225.068,1,Outside Coverage Area,,37,,,,,,,,0,0,,-1.331,82.648,Ecopia,
2023_ Salt River Pima,126,SRPMIC,,,,,7/1/2023,7/1/2024,10334 MCKELLIPS,SCOTTSDALE,Maricopa,,AZ,,85256,US,33.45655,-111.85864,397851.7856,,12248.45475,96569.00522,365,USD,1,,AIR,100,,AIR,313,2004,0,0,SQFT,PEF+PES+PSL,,,,,,,,,,,EQ_ALL OTHER,PSH+PWH,,,,,,,,,,,WS_ALL OTHER,PFL,,,,,,,,,,,Flood_All,PNC,,,,,,,,,,,FR_All,,,,,,,,,,,,,,,,,,0,0,0,,,,0,,,0,,0,,,,,,,,,0,,,,0,0,,0,,,0,0,0,,,,0,0,,,,0,,,,,,,,,,,0,0,,,,,,,,,,,,All Other,All Other,,,,,,,,,,No,Invalid Floor Area,,,368.295,0,,1.684,,,77.812,1,Outside Coverage Area,,64,,,,,,,,0,0.5,20,-0.201,65.259,Ecopia,
2023_ Salt River Pima,127,SRPMIC,,,,,7/1/2023,7/1/2024,11471 INDIAN SCHOOL,SCOTTSDALE,Maricopa,,AZ,,85256,US,33.494587,-111.83362,4819090.591,,148362.8205,1169718.979,365,USD,1,,AIR,100,,AIR,343,,0,0,SQFT,PEF+PES+PSL,,,,,,,,,,,EQ_ALL OTHER,PSH+PWH,,,,,,,,,,,WS_ALL OTHER,PFL,,,,,,,,,,,Flood_All,PNC,,,,,,,,,,,FR_All,,,,,,,,,,,,,,,,,,0,0,0,,,,0,,,0,,0,,,,,,,,,0,,,,0,0,,0,,,0,0,0,,,,0,0,,,,0,,,,,,,,,,,0,0,,,,,,,,,,,,All Other,All Other,,,,,,,,,,No,Invalid Floor Area,,,385.122,0,,6.105,,,283.502,1,Outside Coverage Area,,19,,,,,,,,0,0,,-4.892,971.179,Ecopia,
2023_ Salt River Pima,128,SRPMIC,,,,,7/1/2023,7/1/2024,10190 MCKELLIPS,SCOTTSDALE,Maricopa,,AZ,,85256,US,33.455467,-111.86191,1176297.597,,36214.05863,285518.1073,365,USD,1,,AIR,100,,AIR,343,,0,0,SQFT,PEF+PES+PSL,,,,,,,,,,,EQ_ALL OTHER,PSH+PWH,,,,,,,,,,,WS_ALL OTHER,PFL,,,,,,,,,,,Flood_All,PNC,,,,,,,,,,,FR_All,,,,,,,,,,,,,,,,,,0,0,0,,,,0,,,0,,0,,,,,,,,,0,,,,0,0,,0,,,0,0,0,,,,0,0,,,,0,,,,,,,,,,,0,0,,,,,,,,,,,,All Other,All Other,,,,,,,,,,No,Invalid Floor Area,,,367.393,0,,-0.046,,,7.623,1,Outside Coverage Area,,68,,,,,,,,0,0.6,20,1.576,226.737,Ecopia,
2023_ Salt River Pima,129,SRPMIC,,,,,7/1/2023,7/1/2024,10901 MCDOWELL,SCOTTSDALE,Maricopa,,AZ,,85256,US,33.464386,-111.84533,141189772.1,,8259312.255,35191760.42,365,USD,1,,AIR,131,,AIR,316,2022,3,195000,SQFT,PEF+PES+PSL,,,,,,,,,,,EQ_ALL OTHER,PSH+PWH,,,,,,,,,,,WS_ALL OTHER,PFL,,,,,,,,,,,Flood_All,PNC,,,,,,,,,,,FR_All,,,,,,,,,,,,,,,,,,0,0,0,,,,0,,,0,,0,,,,,,,,,0,,,,1,0,,0,,,0,0,0,,,,0,0,,,,0,,,,,,,,,,,0,0,,,,,,,,,,,,All Other,All Other,,,,5200,6,57782943.51,296.3227872,-83406828.58,-59.07427099,Yes,,21324384,ESTIMATE-1319504,371.024,0.31,20,5.655,,,413.644,1,Outside Coverage Area,,87,,,,,,,,0,1.1,20,-1.79,0,Ecopia,
2023_ Salt River Pima,130,SRPMIC School,,,,,7/1/2023,7/1/2024,11381 CHAPARRAL,SCOTTSDALE,Maricopa,,AZ,,85256,US,33.50829,-111.83543,1357967.753,,41807.04266,329614.1924,365,USD,1,,AIR,100,,AIR,346,2011,0,6000,SQFT,PEF+PES+PSL,,,,,,,,,,,EQ_ALL OTHER,PSH+PWH,,,,,,,,,,,WS_ALL OTHER,PFL,,,,,,,,,,,Flood_All,PNC,,,,,,,,,,,FR_All,,,,,,,,,,,,,,,,,,0,0,0,,,,0,,,0,,0,,,,,,,,,0,,,,0,0,,0,,,0,0,0,,,,0,0,,,,0,,,,,,,,,,,0,0,,,,,,,,,,,,All Other,All Other,,,,,,,,,,No,Construction mapping does not exist in master table ,,,391.633,0.95,100,-1.484,,,224.72,1,Outside Coverage Area,,58,,,,,,,,0,0,,-0.95,0,Ecopia,
2023_ Salt River Pima,131,SRPMIC School,,,,,7/1/2023,7/1/2024,11470 HIGHLAND,SCOTTSDALE,Maricopa,,AZ,,85256,US,33.506493,-111.83357,253040.3212,,7790.21997,61419.48581,365,USD,1,,AIR,100,,AIR,346,2012,0,1440,SQFT,PEF+PES+PSL,,,,,,,,,,,EQ_ALL OTHER,PSH+PWH,,,,,,,,,,,WS_ALL OTHER,PFL,,,,,,,,,,,Flood_All,PNC,,,,,,,,,,,FR_All,,,,,,,,,,,,,,,,,,0,0,0,,,,0,,,0,,0,,,,,,,,,0,,,,0,0,,0,,,0,0,0,,,,0,0,,,,0,,,,,,,,,,,0,0,,,,,,,,,,,,All Other,All Other,,,,,,,,,,No,Construction mapping does not exist in master table ,,,390.907,0.54,100,-1.904,,,336.223,1,Outside Coverage Area,,58,,,,,,,,0,0,,-0.54,0,Ecopia,
2023_ Salt River Pima,132,SRPMIC School,,,,,7/1/2023,7/1/2024,11514 HIGHLAND,SCOTTSDALE,Maricopa,,AZ,,85256,US,33.506577,-111.83264,7919911.05,,379918.8344,1954415.62,365,USD,1,,AIR,111,,AIR,346,2007,0,29000,SQFT,PEF+PES+PSL,,,,,,,,,,,EQ_ALL OTHER,PSH+PWH,,,,,,,,,,,WS_ALL OTHER,PFL,,,,,,,,,,,Flood_All,PNC,,,,,,,,,,,FR_All,,,,,,,,,,,,,,,,,,0,0,0,,,,0,,,0,,0,,,,,,,,,0,,,,1,0,,0,,,0,0,0,,,,0,0,,,,0,,,,,,,,,,,0,0,,,,,,,,,,,,All Other,All Other,,,,6314,2,5980979.277,206.2406647,-1938931.774,-24.48173674,Yes,,21324385,ESTIMATE-1319504,391.087,0.69,100,-2.334,,,291.714,1,Outside Coverage Area,,58,,,,,,,,0,0,,-0.69,0,Ecopia,
2023_ Salt River Pima,133,SRPMIC School,,,,,7/1/2023,7/1/2024,11562 HIGHLAND,SCOTTSDALE,Maricopa,,AZ,,85256,US,33.50644,-111.83202,6286658.518,,329636.7433,1557982.631,365,USD,1,,AIR,111,,AIR,346,2007,0,29000,SQFT,PEF+PES+PSL,,,,,,,,,,,EQ_ALL OTHER,PSH+PWH,,,,,,,,,,,WS_ALL OTHER,PFL,,,,,,,,,,,Flood_All,PNC,,,,,,,,,,,FR_All,,,,,,,,,,,,,,,,,,0,0,0,,,,0,,,0,,0,,,,,,,,,0,,,,1,0,,0,,,0,0,0,,,,0,0,,,,0,,,,,,,,,,,0,0,,,,,,,,,,,,All Other,All Other,,,,6314,2,5980979.277,206.2406647,-305679.2412,-4.862348421,Yes,,21324385,ESTIMATE-1319504,391.003,0.73,100,-2.308,,,285.306,1,Outside Coverage Area,,58,,,,,,,,0,0,,-0.73,0,Ecopia,
2023_ Salt River Pima,134,SRPMIC School,,,,,7/1/2023,7/1/2024,4827 COUNTRY CLUB,SCOTTSDALE,Maricopa,,AZ,,85256,US,33.507355,-111.838104,92556.80864,,2849.49804,22465.95154,365,USD,1,,AIR,152,,AIR,317,2004,0,500,SQFT,PEF+PES+PSL,,,,,,,,,,,EQ_ALL OTHER,PSH+PWH,,,,,,,,,,,WS_ALL OTHER,PFL,,,,,,,,,,,Flood_All,PNC,,,,,,,,,,,FR_All,,,,,,,,,,,,,,,,,,0,0,0,,,,0,,,0,,0,,,,,,,,,0,,,,0,0,,0,,,0,0,0,,,,0,0,,,,0,,,,,,,,,,,0,0,,,,,,,,,,,,All Other,All Other,,,,4220,3,331672.8725,663.345745,239116.0639,258.3451908,Yes,,21324386,ESTIMATE-1319504,390.625,0.36,100,-2.248,,,421.059,1,Outside Coverage Area,,58,,,,,,,,0,0,,-0.36,0,Ecopia,
2023_ Salt River Pima,135,SRPMIC School,,,,,7/1/2023,7/1/2024,4827 COUNTRY CLUB,SCOTTSDALE,Maricopa,,AZ,,85256,US,33.507355,-111.838104,396674.6375,,90127.30271,114630.4598,365,USD,1,,AIR,111,,AIR,317,2004,0,6680,SQFT,PEF+PES+PSL,,,,,,,,,,,EQ_ALL OTHER,PSH+PWH,,,,,,,,,,,WS_ALL OTHER,PFL,,,,,,,,,,,Flood_All,PNC,,,,,,,,,,,FR_All,,,,,,,,,,,,,,,,,,0,0,0,,,,0,,,0,,0,,,,,,,,,0,,,,0,0,,0,,,0,0,0,,,,0,0,,,,0,,,,,,,,,,,0,0,,,,,,,,,,,,All Other,All Other,,,,4220,2,1979402.648,296.3177616,1582728.01,398.9990437,Yes,,21324387,ESTIMATE-1319504,390.625,0.36,100,-2.248,,,421.059,1,Outside Coverage Area,,58,,,,,,,,0,0,,-0.36,0,Ecopia,
2023_ Salt River Pima,136,SRPMIC School,,,,,7/1/2023,7/1/2024,4827 COUNTRY CLUB,SCOTTSDALE,Maricopa,,AZ,,85256,US,33.507355,-111.838104,11133923.8,,342774.2864,2702493.705,365,USD,1,,AIR,152,,AIR,346,2004,0,32239,SQFT,PEF+PES+PSL,,,,,,,,,,,EQ_ALL OTHER,PSH+PWH,,,,,,,,,,,WS_ALL OTHER,PFL,,,,,,,,,,,Flood_All,PNC,,,,,,,,,,,FR_All,,,,,,,,,,,,,,,,,,0,0,0,,,,0,,,0,,0,,,,,,,,,0,,,,1,0,,0,,,0,0,0,,,,0,0,,,,0,,,,,,,,,,,0,0,,,,,,,,,,,,All Other,All Other,,,,6314,3,8108069.179,251.4987803,-3025854.626,-27.1768936,Yes,,21324388,ESTIMATE-1319504,390.625,0.36,100,-2.248,,,421.059,1,Outside Coverage Area,,58,,,,,,,,0,0,,-0.36,0,Ecopia,
2023_ Salt River Pima,137,SRPMIC School,,,,,7/1/2023,7/1/2024,4827 COUNTRY CLUB,SCOTTSDALE,Maricopa,,AZ,,85256,US,33.507355,-111.838104,1375527.89,,42347.65741,333876.4957,365,USD,1,,AIR,152,,AIR,346,2004,0,4861,SQFT,PEF+PES+PSL,,,,,,,,,,,EQ_ALL OTHER,PSH+PWH,,,,,,,,,,,WS_ALL OTHER,PFL,,,,,,,,,,,Flood_All,PNC,,,,,,,,,,,FR_All,,,,,,,,,,,,,,,,,,0,0,0,,,,0,,,0,,0,,,,,,,,,0,,,,1,0,,0,,,0,0,0,,,,0,0,,,,0,,,,,,,,,,,0,0,,,,,,,,,,,,All Other,All Other,,,,6314,3,1359729.195,279.7221137,-15798.69526,-1.148555066,Yes,,21324389,ESTIMATE-1319504,390.625,0.36,100,-2.248,,,421.059,1,Outside Coverage Area,,58,,,,,,,,0,0,,-0.36,0,Ecopia,
2023_ Salt River Pima,138,SRPMIC School,,,,,7/1/2023,7/1/2024,4827 COUNTRY CLUB,SCOTTSDALE,Maricopa,,AZ,,85256,US,33.507355,-111.838104,4220014.238,,129919.3702,1024307.523,365,USD,1,,AIR,152,,AIR,346,2004,0,14905,SQFT,PEF+PES+PSL,,,,,,,,,,,EQ_ALL OTHER,PSH+PWH,,,,,,,,,,,WS_ALL OTHER,PFL,,,,,,,,,,,Flood_All,PNC,,,,,,,,,,,FR_All,,,,,,,,,,,,,,,,,,0,0,0,,,,0,,,0,,0,,,,,,,,,0,,,,1,0,,0,,,0,0,0,,,,0,0,,,,0,,,,,,,,,,,0,0,,,,,,,,,,,,All Other,All Other,,,,6314,3,3880936.801,260.3781819,-339077.4365,-8.034983233,Yes,,21324390,ESTIMATE-1319504,390.625,0.36,100,-2.248,,,421.059,1,Outside Coverage Area,,58,,,,,,,,0,0,,-0.36,0,Ecopia,
2023_ Salt River Pima,139,SRPMIC School,,,,,7/1/2023,7/1/2024,4827 COUNTRY CLUB,SCOTTSDALE,Maricopa,,AZ,,85256,US,33.507355,-111.838104,4220014.238,,129919.3702,1024307.523,365,USD,1,,AIR,152,,AIR,346,2004,0,15122,SQFT,PEF+PES+PSL,,,,,,,,,,,EQ_ALL OTHER,PSH+PWH,,,,,,,,,,,WS_ALL OTHER,PFL,,,,,,,,,,,Flood_All,PNC,,,,,,,,,,,FR_All,,,,,,,,,,,,,,,,,,0,0,0,,,,0,,,0,,0,,,,,,,,,0,,,,1,0,,0,,,0,0,0,,,,0,0,,,,0,,,,,,,,,,,0,0,,,,,,,,,,,,All Other,All Other,,,,6314,3,3930256.306,259.9032076,-289757.932,-6.86627854,Yes,,21324391,ESTIMATE-1319504,390.625,0.36,100,-2.248,,,421.059,1,Outside Coverage Area,,58,,,,,,,,0,0,,-0.36,0,Ecopia,
2023_ Salt River Pima,140,SRPMIC School,,,,,7/1/2023,7/1/2024,4827 COUNTRY CLUB,SCOTTSDALE,Maricopa,,AZ,,85256,US,33.507355,-111.838104,1995982.021,,61449.2541,484476.8962,365,USD,1,,AIR,152,,AIR,346,2004,0,6058,SQFT,PEF+PES+PSL,,,,,,,,,,,EQ_ALL OTHER,PSH+PWH,,,,,,,,,,,WS_ALL OTHER,PFL,,,,,,,,,,,Flood_All,PNC,,,,,,,,,,,FR_All,,,,,,,,,,,,,,,,,,0,0,0,,,,0,,,0,,0,,,,,,,,,0,,,,1,0,,0,,,0,0,0,,,,0,0,,,,0,,,,,,,,,,,0,0,,,,,,,,,,,,All Other,All Other,,,,6314,3,1673806.116,276.2968167,-322175.9055,-16.14122282,Yes,,21324392,ESTIMATE-1319504,390.625,0.36,100,-2.248,,,421.059,1,Outside Coverage Area,,58,,,,,,,,0,0,,-0.36,0,Ecopia,
2023_ Salt River Pima,141,SRPMIC School,,,,,7/1/2023,7/1/2024,4827 COUNTRY CLUB,SCOTTSDALE,Maricopa,,AZ,,85256,US,33.507355,-111.838104,12833725.66,,395105.1966,3115079.949,365,USD,1,,AIR,152,,AIR,346,2004,0,56605,SQFT,PEF+PES+PSL,,,,,,,,,,,EQ_ALL OTHER,PSH+PWH,,,,,,,,,,,WS_ALL OTHER,PFL,,,,,,,,,,,Flood_All,PNC,,,,,,,,,,,FR_All,,,,,,,,,,,,,,,,,,0,0,0,,,,0,,,0,,0,,,,,,,,,0,,,,1,0,,0,,,0,0,0,,,,0,0,,,,0,,,,,,,,,,,0,0,,,,,,,,,,,,All Other,All Other,,,,6314,3,13982804.93,247.0242016,1149079.272,8.953590742,Yes,,21324393,ESTIMATE-1319504,390.625,0.36,100,-2.248,,,421.059,1,Outside Coverage Area,,58,,,,,,,,0,0,,-0.36,0,Ecopia,
2023_ Salt River Pima,142,SRPMIC School,,,,,7/1/2023,7/1/2024,4827 COUNTRY CLUB,SCOTTSDALE,Maricopa,,AZ,,85256,US,33.507355,-111.838104,0,,1448838.425,341167.5285,365,USD,1,,AIR,152,,AIR,346,2004,0,129790,SQFT,PEF+PES+PSL,,,,,,,,,,,EQ_ALL OTHER,PSH+PWH,,,,,,,,,,,WS_ALL OTHER,PFL,,,,,,,,,,,Flood_All,PNC,,,,,,,,,,,FR_All,,,,,,,,,,,,,,,,,,0,0,0,,,,0,,,0,,0,,,,,,,,,0,,,,1,0,,0,,,0,0,0,,,,0,0,,,,0,,,,,,,,,,,0,0,,,,,,,,,,,,All Other,All Other,,,,,,,,,,No,Building Value should be greater than $ 1,,,390.625,0.36,100,-2.248,,,421.059,1,Outside Coverage Area,,58,,,,,,,,0,0,,-0.36,0,Ecopia,
2023_ Salt River Pima,143,SRPMIC School,,,,,7/1/2023,7/1/2024,4827 COUNTRY CLUB,SCOTTSDALE,Maricopa,,AZ,,85256,US,33.507355,-111.838104,264446.7245,,8141.38294,64188.11738,365,USD,1,,AIR,100,,AIR,346,,0,0,SQFT,PEF+PES+PSL,,,,,,,,,,,EQ_ALL OTHER,PSH+PWH,,,,,,,,,,,WS_ALL OTHER,PFL,,,,,,,,,,,Flood_All,PNC,,,,,,,,,,,FR_All,,,,,,,,,,,,,,,,,,0,0,0,,,,0,,,0,,0,,,,,,,,,0,,,,0,0,,0,,,0,0,0,,,,0,0,,,,0,,,,,,,,,,,0,0,,,,,,,,,,,,All Other,All Other,,,,,,,,,,No,Invalid Floor Area,,,390.625,0.36,100,-2.248,,,421.059,1,Outside Coverage Area,,58,,,,,,,,0,0,,-0.36,0,Ecopia,
2023_ Salt River Pima,144,SRPMIC School,,,,,7/1/2023,7/1/2024,4827 COUNTRY CLUB,SCOTTSDALE,Maricopa,,AZ,,85256,US,33.507355,-111.838104,18510.75495,,569.88093,4493.04303,365,USD,1,,AIR,100,,AIR,317,,0,0,SQFT,PEF+PES+PSL,,,,,,,,,,,EQ_ALL OTHER,PSH+PWH,,,,,,,,,,,WS_ALL OTHER,PFL,,,,,,,,,,,Flood_All,PNC,,,,,,,,,,,FR_All,,,,,,,,,,,,,,,,,,0,0,0,,,,0,,,0,,0,,,,,,,,,0,,,,0,0,,0,,,0,0,0,,,,0,0,,,,0,,,,,,,,,,,0,0,,,,,,,,,,,,All Other,All Other,,,,,,,,,,No,Invalid Floor Area,,,390.625,0.36,100,-2.248,,,421.059,1,Outside Coverage Area,,58,,,,,,,,0,0,,-0.36,0,Ecopia,
2023_ Salt River Pima,145,SRPMIC School,,,,,7/1/2023,7/1/2024,4827 COUNTRY CLUB,SCOTTSDALE,Maricopa,,AZ,,85256,US,33.507355,-111.838104,211556.9751,,6513.09389,51350.39572,365,USD,1,,AIR,100,,AIR,346,,0,0,SQFT,PEF+PES+PSL,,,,,,,,,,,EQ_ALL OTHER,PSH+PWH,,,,,,,,,,,WS_ALL OTHER,PFL,,,,,,,,,,,Flood_All,PNC,,,,,,,,,,,FR_All,,,,,,,,,,,,,,,,,,0,0,0,,,,0,,,0,,0,,,,,,,,,0,,,,0,0,,0,,,0,0,0,,,,0,0,,,,0,,,,,,,,,,,0,0,,,,,,,,,,,,All Other,All Other,,,,,,,,,,No,Invalid Floor Area,,,390.625,0.36,100,-2.248,,,421.059,1,Outside Coverage Area,,58,,,,,,,,0,0,,-0.36,0,Ecopia,
2023_ Salt River Pima,146,SRPMIC School,,,,,7/1/2023,7/1/2024,4827 COUNTRY CLUB,SCOTTSDALE,Maricopa,,AZ,,85256,US,33.507355,-111.838104,139111.8023,,4282.76227,33766.06276,365,USD,1,,AIR,101,,AIR,346,,0,0,SQFT,PEF+PES+PSL,,,,,,,,,,,EQ_ALL OTHER,PSH+PWH,,,,,,,,,,,WS_ALL OTHER,PFL,,,,,,,,,,,Flood_All,PNC,,,,,,,,,,,FR_All,,,,,,,,,,,,,,,,,,0,0,0,,,,0,,,0,,0,,,,,,,,,0,,,,1,0,,0,,,0,0,0,,,,0,0,,,,0,,,,,,,,,,,0,0,,,,,,,,,,,,All Other,All Other,,,,,,,,,,No,Invalid Floor Area,,,390.625,0.36,100,-2.248,,,421.059,1,Outside Coverage Area,,58,,,,,,,,0,0,,-0.36,0,Ecopia,
2023_ Salt River Pima,147,SRPMIC School,,,,,7/1/2023,7/1/2024,4836 CENTER,SCOTTSDALE,Maricopa,,AZ,,85256,US,33.508167,-111.83239,2527182.236,,77803.03715,613413.0431,365,USD,1,,AIR,111,,AIR,346,2000,0,11700,SQFT,PEF+PES+PSL,,,,,,,,,,,EQ_ALL OTHER,PSH+PWH,,,,,,,,,,,WS_ALL OTHER,PFL,,,,,,,,,,,Flood_All,PNC,,,,,,,,,,,FR_All,,,,,,,,,,,,,,,,,,0,0,0,,,,0,,,0,,0,,,,,,,,,0,,,,1,0,,0,,,0,0,0,,,,0,0,,,,0,,,,,,,,,,,0,0,,,,,,,,,,,,All Other,All Other,,,,6314,2,2562536.49,219.0202128,35354.25409,1.398959426,Yes,,21324394,ESTIMATE-1319504,391.759,1.3,100,-0.799,,,121.745,1,Outside Coverage Area,,58,,,,,,,,0,0,,-1.3,0,Ecopia,
2023_ Salt River Pima,148,SRPMIC School,,,,,7/1/2023,7/1/2024,4836 CENTER,SCOTTSDALE,Maricopa,,AZ,,85256,US,33.508167,-111.83239,674746.5478,,20773.06891,163778.586,365,USD,1,,AIR,111,,AIR,346,2000,0,2900,SQFT,PEF+PES+PSL,,,,,,,,,,,EQ_ALL OTHER,PSH+PWH,,,,,,,,,,,WS_ALL OTHER,PFL,,,,,,,,,,,Flood_All,PNC,,,,,,,,,,,FR_All,,,,,,,,,,,,,,,,,,0,0,0,,,,0,,,0,,0,,,,,,,,,0,,,,1,0,,0,,,0,0,0,,,,0,0,,,,0,,,,,,,,,,,0,0,,,,,,,,,,,,All Other,All Other,,,,6314,2,738681.2498,254.7176723,63934.70196,9.475365552,Yes,,21324395,ESTIMATE-1319504,391.759,1.3,100,-0.799,,,121.745,1,Outside Coverage Area,,58,,,,,,,,0,0,,-1.3,0,Ecopia,
2023_ Salt River Pima,149,SRPMIC School,,,,,7/1/2023,7/1/2024,4836 CENTER,SCOTTSDALE,Maricopa,,AZ,,85256,US,33.508167,-111.83239,1125450.665,,34648.66073,273176.2306,365,USD,1,,AIR,111,,AIR,346,2000,0,4733,SQFT,PEF+PES+PSL,,,,,,,,,,,EQ_ALL OTHER,PSH+PWH,,,,,,,,,,,WS_ALL OTHER,PFL,,,,,,,,,,,Flood_All,PNC,,,,,,,,,,,FR_All,,,,,,,,,,,,,,,,,,0,0,0,,,,0,,,0,,0,,,,,,,,,0,,,,1,0,,0,,,0,0,0,,,,0,0,,,,0,,,,,,,,,,,0,0,,,,,,,,,,,,All Other,All Other,,,,6314,2,1128783.877,238.4922621,3333.211832,0.296166854,Yes,,21324396,ESTIMATE-1319504,391.759,1.3,100,-0.799,,,121.745,1,Outside Coverage Area,,58,,,,,,,,0,0,,-1.3,0,Ecopia,
2023_ Salt River Pima,150,SRPMIC School,,,,,7/1/2023,7/1/2024,4836 CENTER,SCOTTSDALE,Maricopa,,AZ,,85256,US,33.508167,-111.83239,1556850.16,,47929.93126,377888.1399,365,USD,1,,AIR,111,,AIR,346,2000,0,6100,SQFT,PEF+PES+PSL,,,,,,,,,,,EQ_ALL OTHER,PSH+PWH,,,,,,,,,,,WS_ALL OTHER,PFL,,,,,,,,,,,Flood_All,PNC,,,,,,,,,,,FR_All,,,,,,,,,,,,,,,,,,0,0,0,,,,0,,,0,,0,,,,,,,,,0,,,,1,0,,0,,,0,0,0,,,,0,0,,,,0,,,,,,,,,,,0,0,,,,,,,,,,,,All Other,All Other,,,,6314,2,1419791.192,232.7526544,-137058.9681,-8.803606897,Yes,,21324397,ESTIMATE-1319504,391.759,1.3,100,-0.799,,,121.745,1,Outside Coverage Area,,58,,,,,,,,0,0,,-1.3,0,Ecopia,
2023_ Salt River Pima,151,SRPMIC School,,,,,7/1/2023,7/1/2024,4836 CENTER,SCOTTSDALE,Maricopa,,AZ,,85256,US,33.508167,-111.83239,487605.2828,,15011.6487,118354.52,365,USD,1,,AIR,111,,AIR,346,2000,0,2000,SQFT,PEF+PES+PSL,,,,,,,,,,,EQ_ALL OTHER,PSH+PWH,,,,,,,,,,,WS_ALL OTHER,PFL,,,,,,,,,,,Flood_All,PNC,,,,,,,,,,,FR_All,,,,,,,,,,,,,,,,,,0,0,0,,,,0,,,0,,0,,,,,,,,,0,,,,1,0,,0,,,0,0,0,,,,0,0,,,,0,,,,,,,,,,,0,0,,,,,,,,,,,,All Other,All Other,,,,6314,2,535908.6983,267.9543491,48303.41546,9.906253513,Yes,,21324398,ESTIMATE-1319504,391.759,1.3,100,-0.799,,,121.745,1,Outside Coverage Area,,58,,,,,,,,0,0,,-1.3,0,Ecopia,
2023_ Salt River Pima,152,SRPMIC School,,,,,7/1/2023,7/1/2024,4836 CENTER,SCOTTSDALE,Maricopa,,AZ,,85256,US,33.508167,-111.83239,1110410.677,,34185.63248,269525.6332,365,USD,1,,AIR,111,,AIR,346,2000,0,4900,SQFT,PEF+PES+PSL,,,,,,,,,,,EQ_ALL OTHER,PSH+PWH,,,,,,,,,,,WS_ALL OTHER,PFL,,,,,,,,,,,Flood_All,PNC,,,,,,,,,,,FR_All,,,,,,,,,,,,,,,,,,0,0,0,,,,0,,,0,,0,,,,,,,,,0,,,,1,0,,0,,,0,0,0,,,,0,0,,,,0,,,,,,,,,,,0,0,,,,,,,,,,,,All Other,All Other,,,,6314,2,1161483.872,237.037525,51073.19578,4.599487096,Yes,,21324399,ESTIMATE-1319504,391.759,1.3,100,-0.799,,,121.745,1,Outside Coverage Area,,58,,,,,,,,0,0,,-1.3,0,Ecopia,
2023_ Salt River Pima,153,SRPMIC School,,,,,7/1/2023,7/1/2024,4836 CENTER,SCOTTSDALE,Maricopa,,AZ,,85256,US,33.508167,-111.83239,2644682.651,,81420.46095,641933.4585,365,USD,1,,AIR,111,,AIR,346,2000,0,18000,SQFT,PEF+PES+PSL,,,,,,,,,,,EQ_ALL OTHER,PSH+PWH,,,,,,,,,,,WS_ALL OTHER,PFL,,,,,,,,,,,Flood_All,PNC,,,,,,,,,,,FR_All,,,,,,,,,,,,,,,,,,0,0,0,,,,0,,,0,,0,,,,,,,,,0,,,,1,0,,0,,,0,0,0,,,,0,0,,,,0,,,,,,,,,,,0,0,,,,,,,,,,,,All Other,All Other,,,,6314,2,3817193.808,212.0663226,1172511.157,44.33466363,Yes,,21324400,ESTIMATE-1319504,391.759,1.3,100,-0.799,,,121.745,1,Outside Coverage Area,,58,,,,,,,,0,0,,-1.3,0,Ecopia,
2023_ Salt River Pima,154,SRPMIC School,,,,,7/1/2023,7/1/2024,4836 CENTER,SCOTTSDALE,Maricopa,,AZ,,85256,US,33.508167,-111.83239,2664636.524,,378113.7549,716496.453,365,USD,1,,AIR,111,,AIR,315,2000,0,9400,SQFT,PEF+PES+PSL,,,,,,,,,,,EQ_ALL OTHER,PSH+PWH,,,,,,,,,,,WS_ALL OTHER,PFL,,,,,,,,,,,Flood_All,PNC,,,,,,,,,,,FR_All,,,,,,,,,,,,,,,,,,0,0,0,,,,0,,,0,,0,,,,,,,,,0,,,,1,0,,0,,,0,0,0,,,,0,0,,,,0,,,,,,,,,,,0,0,,,,,,,,,,,,All Other,All Other,,,,2100,2,1798966.666,191.3794325,-865669.8587,-32.48735243,Yes,,21324401,ESTIMATE-1319504,391.759,1.3,100,-0.799,,,121.745,1,Outside Coverage Area,,58,,,,,,,,0,0,,-1.3,0,Ecopia,
2023_ Salt River Pima,155,SRPMIC School,,,,,7/1/2023,7/1/2024,4836 CENTER,SCOTTSDALE,Maricopa,,AZ,,85256,US,33.508167,-111.83239,511093.6348,,45602.84126,131088.9866,365,USD,1,,AIR,111,,AIR,346,2000,0,1800,SQFT,PEF+PES+PSL,,,,,,,,,,,EQ_ALL OTHER,PSH+PWH,,,,,,,,,,,WS_ALL OTHER,PFL,,,,,,,,,,,Flood_All,PNC,,,,,,,,,,,FR_All,,,,,,,,,,,,,,,,,,0,0,0,,,,0,,,0,,0,,,,,,,,,0,,,,1,0,,0,,,0,0,0,,,,0,0,,,,0,,,,,,,,,,,0,0,,,,,,,,,,,,All Other,All Other,,,,6314,2,493791.3793,274.3285441,-17302.25544,-3.385339645,Yes,,21324402,ESTIMATE-1319504,391.759,1.3,100,-0.799,,,121.745,1,Outside Coverage Area,,58,,,,,,,,0,0,,-1.3,0,Ecopia,
2023_ Salt River Pima,156,SRPMIC School,,,,,7/1/2023,7/1/2024,4909 COUNTRY CLUB,SCOTTSDALE,Maricopa,,AZ,,85256,US,33.50862,-111.83872,120265.2972,,3702.54478,29191.52442,365,USD,1,,AIR,100,,AIR,346,2012,0,720,SQFT,PEF+PES+PSL,,,,,,,,,,,EQ_ALL OTHER,PSH+PWH,,,,,,,,,,,WS_ALL OTHER,PFL,,,,,,,,,,,Flood_All,PNC,,,,,,,,,,,FR_All,,,,,,,,,,,,,,,,,,0,0,0,,,,0,,,0,,0,,,,,,,,,0,,,,0,0,,0,,,0,0,0,,,,0,0,,,,0,,,,,,,,,,,0,0,,,,,,,,,,,,All Other,All Other,,,,,,,,,,No,Construction mapping does not exist in master table ,,,391.3,0.63,100,-1.532,,,315.774,1,Outside Coverage Area,,58,,,,,,,,0,0,,-0.63,0,Ecopia,
2023_ Salt River Pima,157,SRPMIC School,,,,,7/1/2023,7/1/2024,,Scottsdale,Maricopa,,AZ,,85256,US,,,0,,1116263.415,262853.8999,365,USD,1,,AIR,100,,AIR,346,,0,0,SQFT,PEF+PES+PSL,,,,,,,,,,,EQ_ALL OTHER,PSH+PWH,,,,,,,,,,,WS_ALL OTHER,PFL,,,,,,,,,,,Flood_All,PNC,,,,,,,,,,,FR_All,,,,,,,,,,,,,,,,,,0,0,0,,,,0,,,0,,0,,,,,,,,,0,,,,0,0,,0,,,0,0,0,,,,0,0,,,,0,,,,,,,,,,,0,0,,,,,,,,,,,,All Other,All Other,,,,,,,,,,No,Building Value should be greater than $ 1,,,,,,,,,,,,,,,,,,,,,,,,,,AIR,
2023_ Salt River Pima,158,Salt River Community Gaming Enterprises,,,,,7/1/2023,7/1/2024,524 92ND,SCOTTSDALE,Maricopa,,AZ,,85256,US,33.454353,-111.885735,105371339.9,,65058215.74,40132170.21,365,USD,1,,AIR,111,,AIR,317,2000,0,149920,SQFT,PEF+PES+PSL,,,,,,,,,,,EQ_ALL OTHER,PSH+PWH,,,,,,,,,,,WS_ALL OTHER,PFL,,,,,,,,,,,Flood_All,PNC,,,,,,,,,,,FR_All,,,,,,,,,,,,,,,,,,0,0,0,,,,0,,,0,,0,,,,,,,,,0,,,,1,0,,0,,,0,0,0,,,,0,0,,,,0,,,,,,,,,,,0,0,,,,,,,,,,,,All Other,All Other,,,,4220,2,32213477.89,214.8711172,-73157862.02,-69.42861511,Yes,,21324403,ESTIMATE-1319504,363.907,0,,3.326,,,141.923,1,Outside Coverage Area,,23,,,,,,,,0,0,,-1.63,508.919,Ecopia,
2023_ Salt River Pima,159,Salt River Community Gaming Enterprises,,,,,7/1/2023,7/1/2024,524 92ND,SCOTTSDALE,Maricopa,,AZ,,85256,US,33.454353,-111.885735,18773135.6,,577958.7027,4556729.655,365,USD,1,,AIR,151,,AIR,317,2012,0,26710,SQFT,PEF+PES+PSL,,,,,,,,,,,EQ_ALL OTHER,PSH+PWH,,,,,,,,,,,WS_ALL OTHER,PFL,,,,,,,,,,,Flood_All,PNC,,,,,,,,,,,FR_All,,,,,,,,,,,,,,,,,,0,0,0,,,,0,,,0,,0,,,,,,,,,0,,,,1,0,,0,,,0,0,0,,,,0,0,,,,0,,,,,,,,,,,0,0,,,,,,,,,,,,All Other,All Other,,,,4220,4,8055289.851,301.5832966,-10717845.75,-57.09139899,Yes,,21324404,ESTIMATE-1319504,363.907,0,,3.326,,,141.923,1,Outside Coverage Area,,23,,,,,,,,0,0,,-1.63,508.919,Ecopia,
2023_ Salt River Pima,160,Salt River Community Gaming Enterprises,,,,,7/1/2023,7/1/2024,524 92ND,SCOTTSDALE,Maricopa,,AZ,,85256,US,33.454353,-111.885735,21085513.59,,5596923.762,6283089.299,365,USD,1,,AIR,151,,AIR,317,2012,0,30000,SQFT,PEF+PES+PSL,,,,,,,,,,,EQ_ALL OTHER,PSH+PWH,,,,,,,,,,,WS_ALL OTHER,PFL,,,,,,,,,,,Flood_All,PNC,,,,,,,,,,,FR_All,,,,,,,,,,,,,,,,,,0,0,0,,,,0,,,0,,0,,,,,,,,,0,,,,1,0,,0,,,0,0,0,,,,0,0,,,,0,,,,,,,,,,,0,0,,,,,,,,,,,,All Other,All Other,,,,4220,4,8938578.64,297.9526213,-12146934.95,-57.60796339,Yes,,21324405,ESTIMATE-1319504,363.907,0,,3.326,,,141.923,1,Outside Coverage Area,,23,,,,,,,,0,0,,-1.63,508.919,Ecopia,
2023_ Salt River Pima,161,Salt River Community Gaming Enterprises,,,,,7/1/2023,7/1/2024,524 92ND,SCOTTSDALE,Maricopa,,AZ,,85256,US,33.454353,-111.885735,3584537.31,,2213159.687,1365221.906,365,USD,1,,AIR,151,,AIR,331,2013,0,5100,SQFT,PEF+PES+PSL,,,,,,,,,,,EQ_ALL OTHER,PSH+PWH,,,,,,,,,,,WS_ALL OTHER,PFL,,,,,,,,,,,Flood_All,PNC,,,,,,,,,,,FR_All,,,,,,,,,,,,,,,,,,0,0,0,,,,0,,,0,,0,,,,,,,,,0,,,,1,0,,0,,,0,0,0,,,,0,0,,,,0,,,,,,,,,,,0,0,,,,,,,,,,,,All Other,All Other,,,,4110,4,1478060.462,289.8157769,-2106476.848,-58.76565553,Yes,,21324406,ESTIMATE-1319504,363.907,0,,3.326,,,141.923,1,Outside Coverage Area,,23,,,,,,,,0,0,,-1.63,508.919,Ecopia,
2023_ Salt River Pima,162,Salt River Community Gaming Enterprises,,,,,7/1/2023,7/1/2024,524 92ND,SCOTTSDALE,Maricopa,,AZ,,85256,US,33.454353,-111.885735,839906.2913,,25857.75551,203867.1635,365,USD,1,,AIR,254,,AIR,354,2018,0,1195,SQFT,PEF+PES+PSL,,,,,,,,,,,EQ_ALL OTHER,PSH+PWH,,,,,,,,,,,WS_ALL OTHER,PFL,,,,,,,,,,,Flood_All,PNC,,,,,,,,,,,FR_All,,,,,,,,,,,,,,,,,,0,0,0,,,,0,,,0,,0,,,,,,,,,0,,,,1,0,,0,,,0,0,0,,,,0,0,,,,0,,,,,,,,,,,0,0,,,,,,,,,,,,All Other,All Other,,,,,,,,,,No,Construction mapping does not exist in master table ,,,363.907,0,,3.326,,,141.923,1,Outside Coverage Area,,23,,,,,,,,0,0,,-1.63,508.919,Ecopia,
2023_ Salt River Pima,163,Salt River Community Gaming Enterprises,,,,,7/1/2023,7/1/2024,524 92ND,SCOTTSDALE,Maricopa,,AZ,,85256,US,33.454353,-111.885735,4034311.035,,4490098.345,2007298.833,365,USD,1,,AIR,116,,AIR,343,2000,0,9850,SQFT,PEF+PES+PSL,,,,,,,,,,,EQ_ALL OTHER,PSH+PWH,,,,,,,,,,,WS_ALL OTHER,PFL,,,,,,,,,,,Flood_All,PNC,,,,,,,,,,,FR_All,,,,,,,,,,,,,,,,,,0,0,0,,,,0,,,0,,0,,,,,,,,,0,,,,1,0,,0,,,0,0,0,,,,0,0,,,,0,,,,,,,,,,,0,0,,,,,,,,,,,,All Other,All Other,,,,2600,2,2610304.198,265.0055023,-1424006.838,-35.29739837,Yes,,21324407,ESTIMATE-1319504,363.907,0,,3.326,,,141.923,1,Outside Coverage Area,,23,,,,,,,,0,0,,-1.63,508.919,Ecopia,
2023_ Salt River Pima,164,Salt River Community Gaming Enterprises,,,,,7/1/2023,7/1/2024,524 92ND,SCOTTSDALE,Maricopa,,AZ,,85256,US,33.454353,-111.885735,0,,30180397.25,7106776.961,365,USD,1,,AIR,100,,AIR,317,,0,0,SQFT,PEF+PES+PSL,,,,,,,,,,,EQ_ALL OTHER,PSH+PWH,,,,,,,,,,,WS_ALL OTHER,PFL,,,,,,,,,,,Flood_All,PNC,,,,,,,,,,,FR_All,,,,,,,,,,,,,,,,,,0,0,0,,,,0,,,0,,0,,,,,,,,,0,,,,0,0,,0,,,0,0,0,,,,0,0,,,,0,,,,,,,,,,,0,0,,,,,,,,,,,,All Other,All Other,,,,,,,,,,No,Building Value should be greater than $ 1,,,363.907,0,,3.326,,,141.923,1,Outside Coverage Area,,23,,,,,,,,0,0,,-1.63,508.919,Ecopia,
2023_ Salt River Pima,165,Salt River Community Gaming Enterprises,,,,,7/1/2023,7/1/2024,524 92ND,SCOTTSDALE,Maricopa,,AZ,,85256,US,33.454353,-111.885735,0,,3298516.726,776723.4631,365,USD,1,,AIR,100,,AIR,361,,0,0,SQFT,PEF+PES+PSL,,,,,,,,,,,EQ_ALL OTHER,PSH+PWH,,,,,,,,,,,WS_ALL OTHER,PFL,,,,,,,,,,,Flood_All,PNC,,,,,,,,,,,FR_All,,,,,,,,,,,,,,,,,,0,0,0,,,,0,,,0,,0,,,,,,,,,0,,,,0,0,,0,,,0,0,0,,,,0,0,,,,0,,,,,,,,,,,0,0,,,,,,,,,,,,All Other,All Other,,,,,,,,,,No,Building Value should be greater than $ 1,,,363.907,0,,3.326,,,141.923,1,Outside Coverage Area,,23,,,,,,,,0,0,,-1.63,508.919,Ecopia,
2023_ Salt River Pima,166,Salt River Community Gaming Enterprises,,,,,7/1/2023,7/1/2024,524 92ND,SCOTTSDALE,Maricopa,,AZ,,85256,US,33.454353,-111.885735,0,,412314.5907,97090.43288,365,USD,1,,AIR,100,,AIR,314,,0,0,SQFT,PEF+PES+PSL,,,,,,,,,,,EQ_ALL OTHER,PSH+PWH,,,,,,,,,,,WS_ALL OTHER,PFL,,,,,,,,,,,Flood_All,PNC,,,,,,,,,,,FR_All,,,,,,,,,,,,,,,,,,0,0,0,,,,0,,,0,,0,,,,,,,,,0,,,,0,0,,0,,,0,0,0,,,,0,0,,,,0,,,,,,,,,,,0,0,,,,,,,,,,,,All Other,All Other,,,,,,,,,,No,Building Value should be greater than $ 1,,,363.907,0,,3.326,,,141.923,1,Outside Coverage Area,,23,,,,,,,,0,0,,-1.63,508.919,Ecopia,
2023_ Salt River Pima,167,Salt River Community Gaming Enterprises,,,,,7/1/2023,7/1/2024,524 92ND,SCOTTSDALE,Maricopa,,AZ,,85256,US,33.454353,-111.885735,2528239.039,,77835.57242,613669.5569,365,USD,1,,AIR,100,,AIR,317,2009,0,0,SQFT,PEF+PES+PSL,,,,,,,,,,,EQ_ALL OTHER,PSH+PWH,,,,,,,,,,,WS_ALL OTHER,PFL,,,,,,,,,,,Flood_All,PNC,,,,,,,,,,,FR_All,,,,,,,,,,,,,,,,,,0,0,0,,,,0,,,0,,0,,,,,,,,,0,,,,0,0,,0,,,0,0,0,,,,0,0,,,,0,,,,,,,,,,,0,0,,,,,,,,,,,,All Other,All Other,,,,,,,,,,No,Invalid Floor Area,,,363.907,0,,3.326,,,141.923,1,Outside Coverage Area,,23,,,,,,,,0,0,,-1.63,508.919,Ecopia,
2023_ Salt River Pima,168,Salt River Community Gaming Enterprises,,,,,7/1/2023,7/1/2024,9800 TALKING STICK,SCOTTSDALE,Maricopa,,AZ,,85256,US,33.539856,-111.870995,362332059.8,,169071415.8,125133077.1,365,USD,1,,AIR,152,,AIR,317,2010,0,515518,SQFT,PEF+PES+PSL,,,,,,,,,,,EQ_ALL OTHER,PSH+PWH,,,,,,,,,,,WS_ALL OTHER,PFL,,,,,,,,,,,Flood_All,PNC,,,,,,,,,,,FR_All,,,,,,,,,,,,,,,,,,0,0,0,,,,0,,,0,,0,,,,,,,,,0,,,,1,0,,0,,,0,0,0,,,,0,0,,,,0,,,,,,,,,,,0,0,,,,,,,,,,,,All Other,All Other,,,,4220,3,128551429.9,249.3636107,-233780629.9,-64.5210998,Yes,,21324408,ESTIMATE-1319504,396.151,0,,0.727,,,299.065,1,Outside Coverage Area,,40,,,,,,,,0,0,100,-1.618,330.744,Ecopia,
2023_ Salt River Pima,169,Salt River Community Gaming Enterprises,,,,,7/1/2023,7/1/2024,9800 TALKING STICK,SCOTTSDALE,Maricopa,,AZ,,85256,US,33.539856,-111.870995,52316344.8,,5343226.121,13577479.01,365,USD,1,,AIR,100,,AIR,304,2023,0,72000,SQFT,PEF+PES+PSL,,,,,,,,,,,EQ_ALL OTHER,PSH+PWH,,,,,,,,,,,WS_ALL OTHER,PFL,,,,,,,,,,,Flood_All,PNC,,,,,,,,,,,FR_All,,,,,,,,,,,,,,,,,,0,0,0,,,,0,,,0,,0,,,,,,,,,0,,,,1,0,,0,,,0,0,0,,,,0,0,,,,0,,,,,,,,,,,0,0,,,,,,,,,,,,All Other,All Other,,,,,,,,,,No,Construction mapping does not exist in master table ,,,396.151,0,,0.727,,,299.065,1,Outside Coverage Area,,40,,,,,,,,0,0,100,-1.618,330.744,Ecopia,
2023_ Salt River Pima,170,Salt River Community Gaming Enterprises,,,,,7/1/2023,7/1/2024,9800 TALKING STICK,SCOTTSDALE,Maricopa,,AZ,,85256,US,33.539856,-111.870995,37417937.78,,1151966.472,9082309.443,365,USD,1,,AIR,100,,AIR,318,,0,354000,SQFT,PEF+PES+PSL,,,,,,,,,,,EQ_ALL OTHER,PSH+PWH,,,,,,,,,,,WS_ALL OTHER,PFL,,,,,,,,,,,Flood_All,PNC,,,,,,,,,,,FR_All,,,,,,,,,,,,,,,,,,0,0,0,,,,0,,,0,,0,,,,,,,,,0,,,,1,0,,0,,,0,0,0,,,,0,0,,,,0,,,,,,,,,,,0,0,,,,,,,,,,,,All Other,All Other,,,,,,,,,,No,Construction mapping does not exist in master table ,,,396.151,0,,0.727,,,299.065,1,Outside Coverage Area,,40,,,,,,,,0,0,100,-1.618,330.744,Ecopia,
2023_ Salt River Pima,171,Salt River Community Gaming Enterprises,,,,,7/1/2023,7/1/2024,9800 TALKING STICK,SCOTTSDALE,Maricopa,,AZ,,85256,US,33.539856,-111.870995,309254199.3,,190939267.1,117783850.7,365,USD,1,,AIR,152,,AIR,304,2010,15,440000,SQFT,PEF+PES+PSL,,,,,,,,,,,EQ_ALL OTHER,PSH+PWH,,,,,,,,,,,WS_ALL OTHER,PFL,,,,,,,,,,,Flood_All,PNC,,,,,,,,,,,FR_All,,,,,,,,,,,,,,,,,,0,0,0,,,,0,,,0,,0,,,,,,,,,0,,,,1,0,,0,,,0,0,0,,,,0,0,,,,0,,,,,,,,,,,0,0,,,,,,,,,,,,All Other,All Other,,,,1500,3,121366066.4,275.8319692,-187888132.9,-60.75524061,Yes,,21324409,ESTIMATE-1319504,396.151,0,,0.727,,,299.065,1,Outside Coverage Area,,40,,,,,,,,0,0,100,-1.618,330.744,Ecopia,
2023_ Salt River Pima,172,Salt River Community Gaming Enterprises,,,,,7/1/2023,7/1/2024,9800 TALKING STICK,SCOTTSDALE,Maricopa,,AZ,,85256,US,33.539856,-111.870995,6775478.367,,4183305.762,2580537.092,365,USD,1,,AIR,152,,AIR,317,2010,0,9640,SQFT,PEF+PES+PSL,,,,,,,,,,,EQ_ALL OTHER,PSH+PWH,,,,,,,,,,,WS_ALL OTHER,PFL,,,,,,,,,,,Flood_All,PNC,,,,,,,,,,,FR_All,,,,,,,,,,,,,,,,,,0,0,0,,,,0,,,0,,0,,,,,,,,,0,,,,1,0,,0,,,0,0,0,,,,0,0,,,,0,,,,,,,,,,,0,0,,,,,,,,,,,,All Other,All Other,,,,4220,3,3220204.796,334.0461406,-3555273.571,-52.4726577,Yes,,21324410,ESTIMATE-1319504,396.151,0,,0.727,,,299.065,1,Outside Coverage Area,,40,,,,,,,,0,0,100,-1.618,330.744,Ecopia,
2023_ Salt River Pima,173,Salt River Community Gaming Enterprises,,,,,7/1/2023,7/1/2024,9800 TALKING STICK,SCOTTSDALE,Maricopa,,AZ,,85256,US,33.539856,-111.870995,7220382.703,,741806.5285,1874909.151,365,USD,1,,AIR,152,,AIR,317,2015,2,10273,SQFT,PEF+PES+PSL,,,,,,,,,,,EQ_ALL OTHER,PSH+PWH,,,,,,,,,,,WS_ALL OTHER,PFL,,,,,,,,,,,Flood_All,PNC,,,,,,,,,,,FR_All,,,,,,,,,,,,,,,,,,0,0,0,,,,0,,,0,,0,,,,,,,,,0,,,,1,0,,0,,,0,0,0,,,,0,0,,,,0,,,,,,,,,,,0,0,,,,,,,,,,,,All Other,All Other,,,,4220,3,3771543.024,367.1316095,-3448839.679,-47.76533074,Yes,,21324411,ESTIMATE-1319504,396.151,0,,0.727,,,299.065,1,Outside Coverage Area,,40,,,,,,,,0,0,100,-1.618,330.744,Ecopia,
2023_ Salt River Pima,174,Salt River Community Gaming Enterprises,,,,,7/1/2023,7/1/2024,9800 TALKING STICK,SCOTTSDALE,Maricopa,,AZ,,85256,US,33.539856,-111.870995,5888481.095,,2124369.634,1886838.748,365,USD,1,,AIR,152,,AIR,317,2015,2,8378,SQFT,PEF+PES+PSL,,,,,,,,,,,EQ_ALL OTHER,PSH+PWH,,,,,,,,,,,WS_ALL OTHER,PFL,,,,,,,,,,,Flood_All,PNC,,,,,,,,,,,FR_All,,,,,,,,,,,,,,,,,,0,0,0,,,,0,,,0,,0,,,,,,,,,0,,,,1,0,,0,,,0,0,0,,,,0,0,,,,0,,,,,,,,,,,0,0,,,,,,,,,,,,All Other,All Other,,,,4220,3,3186819.789,380.3795403,-2701661.306,-45.88044459,Yes,,21324412,ESTIMATE-1319504,396.151,0,,0.727,,,299.065,1,Outside Coverage Area,,40,,,,,,,,0,0,100,-1.618,330.744,Ecopia,
2023_ Salt River Pima,175,Salt River Community Gaming Enterprises,,,,,7/1/2023,7/1/2024,9800 TALKING STICK,SCOTTSDALE,Maricopa,,AZ,,85256,US,33.539856,-111.870995,8238064.651,,253620.9859,1999593.158,365,USD,1,,AIR,152,,AIR,317,2015,2,29622,SQFT,PEF+PES+PSL,,,,,,,,,,,EQ_ALL OTHER,PSH+PWH,,,,,,,,,,,WS_ALL OTHER,PFL,,,,,,,,,,,Flood_All,PNC,,,,,,,,,,,FR_All,,,,,,,,,,,,,,,,,,0,0,0,,,,0,,,0,,0,,,,,,,,,0,,,,1,0,,0,,,0,0,0,,,,0,0,,,,0,,,,,,,,,,,0,0,,,,,,,,,,,,All Other,All Other,,,,4220,3,9346298.493,315.5188202,1108233.842,13.45259948,Yes,,21324413,ESTIMATE-1319504,396.151,0,,0.727,,,299.065,1,Outside Coverage Area,,40,,,,,,,,0,0,100,-1.618,330.744,Ecopia,
2023_ Salt River Pima,176,Salt River Community Gaming Enterprises,,,,,7/1/2023,7/1/2024,9800 TALKING STICK,SCOTTSDALE,Maricopa,,AZ,,85256,US,33.539856,-111.870995,4074813.425,,125449.1488,989063.4983,365,USD,1,,AIR,100,,AIR,318,2016,0,435600,SQFT,PEF+PES+PSL,,,,,,,,,,,EQ_ALL OTHER,PSH+PWH,,,,,,,,,,,WS_ALL OTHER,PFL,,,,,,,,,,,Flood_All,PNC,,,,,,,,,,,FR_All,,,,,,,,,,,,,,,,,,0,0,0,,,,0,,,0,,0,,,,,,,,,0,,,,0,0,,0,,,0,0,0,,,,0,0,,,,0,,,,,,,,,,,0,0,,,,,,,,,,,,All Other,All Other,,,,,,,,,,No,Construction mapping does not exist in master table ,,,396.151,0,,0.727,,,299.065,1,Outside Coverage Area,,40,,,,,,,,0,0,100,-1.618,330.744,Ecopia,
2023_ Salt River Pima,177,Salt River Community Gaming Enterprises,,,,,7/1/2023,7/1/2024,9800 TALKING STICK,SCOTTSDALE,Maricopa,,AZ,,85256,US,33.539856,-111.870995,4675049.734,,143928.31,1134756.506,365,USD,1,,AIR,131,,AIR,313,2015,1,12528,SQFT,PEF+PES+PSL,,,,,,,,,,,EQ_ALL OTHER,PSH+PWH,,,,,,,,,,,WS_ALL OTHER,PFL,,,,,,,,,,,Flood_All,PNC,,,,,,,,,,,FR_All,,,,,,,,,,,,,,,,,,0,0,0,,,,0,,,0,,0,,,,,,,,,0,,,,1,0,,0,,,0,0,0,,,,0,0,,,,0,,,,,,,,,,,0,0,,,,,,,,,,,,All Other,All Other,,,,8210,6,1772694.304,141.4985875,-2902355.43,-62.08180864,Yes,,21324414,ESTIMATE-1319504,396.151,0,,0.727,,,299.065,1,Outside Coverage Area,,40,,,,,,,,0,0,100,-1.618,330.744,Ecopia,
2023_ Salt River Pima,178,Salt River Community Gaming Enterprises,,,,,7/1/2023,7/1/2024,9800 TALKING STICK,SCOTTSDALE,Maricopa,,AZ,,85256,US,33.539856,-111.870995,0,,26766432.44,6302868.177,365,USD,1,,AIR,100,,AIR,317,,0,0,SQFT,PEF+PES+PSL,,,,,,,,,,,EQ_ALL OTHER,PSH+PWH,,,,,,,,,,,WS_ALL OTHER,PFL,,,,,,,,,,,Flood_All,PNC,,,,,,,,,,,FR_All,,,,,,,,,,,,,,,,,,0,0,0,,,,0,,,0,,0,,,,,,,,,0,,,,0,0,,0,,,0,0,0,,,,0,0,,,,0,,,,,,,,,,,0,0,,,,,,,,,,,,All Other,All Other,,,,,,,,,,No,Building Value should be greater than $ 1,,,396.151,0,,0.727,,,299.065,1,Outside Coverage Area,,40,,,,,,,,0,0,100,-1.618,330.744,Ecopia,
2023_ Salt River Pima,179,Salt River Community Gaming Enterprises,,,,,7/1/2023,7/1/2024,9800 TALKING STICK,SCOTTSDALE,Maricopa,,AZ,,85256,US,33.539856,-111.870995,0,,3710831.316,873813.8959,365,USD,1,,AIR,100,,AIR,361,,0,0,SQFT,PEF+PES+PSL,,,,,,,,,,,EQ_ALL OTHER,PSH+PWH,,,,,,,,,,,WS_ALL OTHER,PFL,,,,,,,,,,,Flood_All,PNC,,,,,,,,,,,FR_All,,,,,,,,,,,,,,,,,,0,0,0,,,,0,,,0,,0,,,,,,,,,0,,,,0,0,,0,,,0,0,0,,,,0,0,,,,0,,,,,,,,,,,0,0,,,,,,,,,,,,All Other,All Other,,,,,,,,,,No,Building Value should be greater than $ 1,,,396.151,0,,0.727,,,299.065,1,Outside Coverage Area,,40,,,,,,,,0,0,100,-1.618,330.744,Ecopia,
2023_ Salt River Pima,180,Salt River Community Gaming Enterprises,,,,,7/1/2023,7/1/2024,9800 TALKING STICK,SCOTTSDALE,Maricopa,,AZ,,85256,US,33.539856,-111.870995,0,,412314.5907,97090.43288,365,USD,1,,AIR,100,,AIR,361,,0,0,SQFT,PEF+PES+PSL,,,,,,,,,,,EQ_ALL OTHER,PSH+PWH,,,,,,,,,,,WS_ALL OTHER,PFL,,,,,,,,,,,Flood_All,PNC,,,,,,,,,,,FR_All,,,,,,,,,,,,,,,,,,0,0,0,,,,0,,,0,,0,,,,,,,,,0,,,,0,0,,0,,,0,0,0,,,,0,0,,,,0,,,,,,,,,,,0,0,,,,,,,,,,,,All Other,All Other,,,,,,,,,,No,Building Value should be greater than $ 1,,,396.151,0,,0.727,,,299.065,1,Outside Coverage Area,,40,,,,,,,,0,0,100,-1.618,330.744,Ecopia,
2023_ Salt River Pima,181,Salt River Community Gaming Enterprises,,,,,7/1/2023,7/1/2024,9800 TALKING STICK,SCOTTSDALE,Maricopa,,AZ,,85256,US,33.539856,-111.870995,3033886.847,,93402.6869,736403.4683,365,USD,1,,AIR,100,,AIR,317,2010,0,0,SQFT,PEF+PES+PSL,,,,,,,,,,,EQ_ALL OTHER,PSH+PWH,,,,,,,,,,,WS_ALL OTHER,PFL,,,,,,,,,,,Flood_All,PNC,,,,,,,,,,,FR_All,,,,,,,,,,,,,,,,,,0,0,0,,,,0,,,0,,0,,,,,,,,,0,,,,0,0,,0,,,0,0,0,,,,0,0,,,,0,,,,,,,,,,,0,0,,,,,,,,,,,,All Other,All Other,,,,,,,,,,No,Invalid Floor Area,,,396.151,0,,0.727,,,299.065,1,Outside Coverage Area,,40,,,,,,,,0,0,100,-1.618,330.744,Ecopia,
2023_ Salt River Pima,182,Salt River Community Gaming Enterprises,,,,,7/1/2023,7/1/2024,524 92ND,SCOTTSDALE,Maricopa,,AZ,,85256,US,33.454353,-111.885735,0,,797671.6535,187832.9991,365,USD,1,,AIR,100,,AIR,317,2000,0,0,SQFT,PEF+PES+PSL,,,,,,,,,,,EQ_ALL OTHER,PSH+PWH,,,,,,,,,,,WS_ALL OTHER,PFL,,,,,,,,,,,Flood_All,PNC,,,,,,,,,,,FR_All,,,,,,,,,,,,,,,,,,0,0,0,,,,0,,,0,,0,,,,,,,,,0,,,,1,0,,0,,,0,0,0,,,,0,0,,,,0,,,,,,,,,,,0,0,,,,,,,,,,,,All Other,All Other,,,,,,,,,,No,Building Value should be greater than $ 1,,,363.907,0,,3.326,,,141.923,1,Outside Coverage Area,,23,,,,,,,,0,0,,-1.63,508.919,Ecopia,
2023_ Salt River Pima,183,Salt River Community Gaming Enterprises,,,,,7/1/2023,7/1/2024,9800 TALKING STICK,SCOTTSDALE,Maricopa,,AZ,,85250,US,33.539856,-111.870995,0,,1301300.236,306425.7393,365,USD,1,,AIR,100,,AIR,304,2010,0,0,SQFT,PEF+PES+PSL,,,,,,,,,,,EQ_ALL OTHER,PSH+PWH,,,,,,,,,,,WS_ALL OTHER,PFL,,,,,,,,,,,Flood_All,PNC,,,,,,,,,,,FR_All,,,,,,,,,,,,,,,,,,0,0,0,,,,0,,,0,,0,,,,,,,,,0,,,,1,0,,0,,,0,0,0,,,,0,0,,,,0,,,,,,,,,,,0,0,,,,,,,,,,,,All Other,All Other,,,,,,,,,,No,Building Value should be greater than $ 1,,,396.151,0,,0.727,,,299.065,1,Outside Coverage Area,,40,,,,,,,,0,0,100,-1.618,330.744,Ecopia,
2023_ Salt River Pima,184,AutoShow,,,,,7/1/2023,7/1/2024,,Scottdale,Pima,,AZ,,85634,US,,,1561853.848,,48083.9772,379102.6656,365,USD,1,,AIR,100,,AIR,317,,0,0,SQFT,PEF+PES+PSL,,,,,,,,,,,EQ_ALL OTHER,PSH+PWH,,,,,,,,,,,WS_ALL OTHER,PFL,,,,,,,,,,,Flood_All,PNC,,,,,,,,,,,FR_All,,,,,,,,,,,,,,,,,,0,0,0,,,,0,,,0,,0,,,,,,,,,0,,,,0,0,,0,,,0,0,0,,,,0,0,,,,0,,,,,,,,,,,0,0,,,,,,,,,,,,All Other,All Other,,,,,,,,,,No,Invalid Floor Area,,,,,,,,,,,,,,,,,,,,,,,,,,AIR,
2023_ Salt River Pima,185,AutoShow,,,,,7/1/2023,7/1/2024,,Scottdale,Pima,,AZ,,85634,US,,,725001.2947,,22320.23551,175976.7239,365,USD,1,,AIR,100,,AIR,317,,0,0,SQFT,PEF+PES+PSL,,,,,,,,,,,EQ_ALL OTHER,PSH+PWH,,,,,,,,,,,WS_ALL OTHER,PFL,,,,,,,,,,,Flood_All,PNC,,,,,,,,,,,FR_All,,,,,,,,,,,,,,,,,,0,0,0,,,,0,,,0,,0,,,,,,,,,0,,,,0,0,,0,,,0,0,0,,,,0,0,,,,0,,,,,,,,,,,0,0,,,,,,,,,,,,All Other,All Other,,,,,,,,,,No,Invalid Floor Area,,,,,,,,,,,,,,,,,,,,,,,,,,AIR,
2023_ Salt River Pima,186,AutoShow,,,,,7/1/2023,7/1/2024,,Scottdale,Pima,,AZ,,85634,US,,,449025.6728,,13823.91844,108990.2424,365,USD,1,,AIR,100,,AIR,317,,0,0,SQFT,PEF+PES+PSL,,,,,,,,,,,EQ_ALL OTHER,PSH+PWH,,,,,,,,,,,WS_ALL OTHER,PFL,,,,,,,,,,,Flood_All,PNC,,,,,,,,,,,FR_All,,,,,,,,,,,,,,,,,,0,0,0,,,,0,,,0,,0,,,,,,,,,0,,,,0,0,,0,,,0,0,0,,,,0,0,,,,0,,,,,,,,,,,0,0,,,,,,,,,,,,All Other,All Other,,,,,,,,,,No,Invalid Floor Area,,,,,,,,,,,,,,,,,,,,,,,,,,AIR,
2023_ Salt River Pima,187,Beeline Pit Stop,,,,,7/1/2023,7/1/2024,1601 BEELINE,SCOTTSDALE,Maricopa,,AZ,,85256,US,33.46642,-111.84276,928324.8783,,131658.5,249601.2689,365,USD,1,,AIR,111,,AIR,312,1988,1,5536,SQFT,PEF+PES+PSL,,,,,,,,,,,EQ_ALL OTHER,PSH+PWH,,,,,,,,,,,WS_ALL OTHER,PFL,,,,,,,,,,,Flood_All,PNC,,,,,,,,,,,FR_All,,,,,,,,,,,,,,,,,,0,0,0,,,,0,,,0,,0,,,,,,,,,0,,,,0,0,,0,,,0,0,0,,,,0,0,,,,0,,,,,,,,,,,0,0,,,,,,,,,,,,All Other,All Other,,,,3100,2,947544.0582,171.1604151,19219.17996,2.070307541,Yes,,21324415,ESTIMATE-1319504,371.797,1.23,100,6.428,,,372.251,1,Outside Coverage Area,,68,,,,,,,,0,0.1,20,-1.23,0,Ecopia,
2023_ Salt River Pima,188,,,,,,7/1/2023,7/1/2024,1601 BEELINE,SCOTTSDALE,Maricopa,,AZ,,85256,US,33.46642,-111.84276,499817.6887,,15387.62565,121318.7894,365,USD,1,,AIR,151,,AIR,317,,0,0,SQFT,PEF+PES+PSL,,,,,,,,,,,EQ_ALL OTHER,PSH+PWH,,,,,,,,,,,WS_ALL OTHER,PFL,,,,,,,,,,,Flood_All,PNC,,,,,,,,,,,FR_All,,,,,,,,,,,,,,,,,,0,0,0,,,,0,,,0,,0,,,,,,,,,0,,,,1,0,,0,,,0,0,0,,,,0,0,,,,0,,,,,,,,,,,0,0,,,,,,,,,,,,All Other,All Other,,,,,,,,,,No,Invalid Floor Area,,,371.797,1.23,100,6.428,,,372.251,1,Outside Coverage Area,,68,,,,,,,,0,0.1,20,-1.23,0,Ecopia,
2023_ Salt River Pima,189,,,,,,7/1/2023,7/1/2024,1601 BEELINE,SCOTTSDALE,Maricopa,,AZ,,85256,US,33.46642,-111.84276,57176.63153,,1760.26704,13878.25976,365,USD,1,,AIR,151,,AIR,317,,0,0,SQFT,PEF+PES+PSL,,,,,,,,,,,EQ_ALL OTHER,PSH+PWH,,,,,,,,,,,WS_ALL OTHER,PFL,,,,,,,,,,,Flood_All,PNC,,,,,,,,,,,FR_All,,,,,,,,,,,,,,,,,,0,0,0,,,,0,,,0,,0,,,,,,,,,0,,,,1,0,,0,,,0,0,0,,,,0,0,,,,0,,,,,,,,,,,0,0,,,,,,,,,,,,All Other,All Other,,,,,,,,,,No,Invalid Floor Area,,,371.797,1.23,100,6.428,,,372.251,1,Outside Coverage Area,,68,,,,,,,,0,0.1,20,-1.23,0,Ecopia,
2023_ Salt River Pima,190,,,,,,7/1/2023,7/1/2024,1601 BEELINE,SCOTTSDALE,Maricopa,,AZ,,85256,US,33.46642,-111.84276,285382.5663,,70633.11235,83833.35718,365,USD,1,,AIR,100,,AIR,331,,0,0,SQFT,PEF+PES+PSL,,,,,,,,,,,EQ_ALL OTHER,PSH+PWH,,,,,,,,,,,WS_ALL OTHER,PFL,,,,,,,,,,,Flood_All,PNC,,,,,,,,,,,FR_All,,,,,,,,,,,,,,,,,,0,0,0,,,,0,,,0,,0,,,,,,,,,0,,,,0,0,,0,,,0,0,0,,,,0,0,,,,0,,,,,,,,,,,0,0,,,,,,,,,,,,All Other,All Other,,,,,,,,,,No,Invalid Floor Area,,,371.797,1.23,100,6.428,,,372.251,1,Outside Coverage Area,,68,,,,,,,,0,0.1,20,-1.23,0,Ecopia,
2023_ Salt River Pima,191,,,,,,7/1/2023,7/1/2024,1601 BEELINE,SCOTTSDALE,Maricopa,,AZ,,85256,US,33.46642,-111.84276,0,,7215.50534,1699.08258,365,USD,1,,AIR,100,,AIR,315,,0,0,SQFT,PEF+PES+PSL,,,,,,,,,,,EQ_ALL OTHER,PSH+PWH,,,,,,,,,,,WS_ALL OTHER,PFL,,,,,,,,,,,Flood_All,PNC,,,,,,,,,,,FR_All,,,,,,,,,,,,,,,,,,0,0,0,,,,0,,,0,,0,,,,,,,,,0,,,,0,0,,0,,,0,0,0,,,,0,0,,,,0,,,,,,,,,,,0,0,,,,,,,,,,,,All Other,All Other,,,,,,,,,,No,Building Value should be greater than $ 1,,,371.797,1.23,100,6.428,,,372.251,1,Outside Coverage Area,,68,,,,,,,,0,0.1,20,-1.23,0,Ecopia,
2023_ Salt River Pima,192,,,,,,7/1/2023,7/1/2024,1601 BEELINE,SCOTTSDALE,Maricopa,,AZ,,85256,US,33.46642,-111.84276,0,,541162.9003,127431.1932,365,USD,1,,AIR,100,,AIR,313,,0,0,SQFT,PEF+PES+PSL,,,,,,,,,,,EQ_ALL OTHER,PSH+PWH,,,,,,,,,,,WS_ALL OTHER,PFL,,,,,,,,,,,Flood_All,PNC,,,,,,,,,,,FR_All,,,,,,,,,,,,,,,,,,0,0,0,,,,0,,,0,,0,,,,,,,,,0,,,,0,0,,0,,,0,0,0,,,,0,0,,,,0,,,,,,,,,,,0,0,,,,,,,,,,,,All Other,All Other,,,,,,,,,,No,Building Value should be greater than $ 1,,,371.797,1.23,100,6.428,,,372.251,1,Outside Coverage Area,,68,,,,,,,,0,0.1,20,-1.23,0,Ecopia,
2023_ Salt River Pima,193,,,,,,7/1/2023,7/1/2024,1601 BEELINE,SCOTTSDALE,Maricopa,,AZ,,85256,US,33.46642,-111.84276,0,,141217.7473,33253.47326,365,USD,1,,AIR,100,,AIR,313,,0,0,SQFT,PEF+PES+PSL,,,,,,,,,,,EQ_ALL OTHER,PSH+PWH,,,,,,,,,,,WS_ALL OTHER,PFL,,,,,,,,,,,Flood_All,PNC,,,,,,,,,,,FR_All,,,,,,,,,,,,,,,,,,0,0,0,,,,0,,,0,,0,,,,,,,,,0,,,,0,0,,0,,,0,0,0,,,,0,0,,,,0,,,,,,,,,,,0,0,,,,,,,,,,,,All Other,All Other,,,,,,,,,,No,Building Value should be greater than $ 1,,,371.797,1.23,100,6.428,,,372.251,1,Outside Coverage Area,,68,,,,,,,,0,0.1,20,-1.23,0,Ecopia,
2023_ Salt River Pima,194,,,,,,7/1/2023,7/1/2024,1601 BEELINE,SCOTTSDALE,Maricopa,,AZ,,85256,US,33.46642,-111.84276,0,,13400.2242,3155.43907,365,USD,1,,AIR,100,,AIR,313,,0,0,SQFT,PEF+PES+PSL,,,,,,,,,,,EQ_ALL OTHER,PSH+PWH,,,,,,,,,,,WS_ALL OTHER,PFL,,,,,,,,,,,Flood_All,PNC,,,,,,,,,,,FR_All,,,,,,,,,,,,,,,,,,0,0,0,,,,0,,,0,,0,,,,,,,,,0,,,,0,0,,0,,,0,0,0,,,,0,0,,,,0,,,,,,,,,,,0,0,,,,,,,,,,,,All Other,All Other,,,,,,,,,,No,Building Value should be greater than $ 1,,,371.797,1.23,100,6.428,,,372.251,1,Outside Coverage Area,,68,,,,,,,,0,0.1,20,-1.23,0,Ecopia,
2023_ Salt River Pima,195,Salt River Commercial Landfill,,,,,7/1/2023,7/1/2024,4660 BEELINE,SCOTTSDALE,Maricopa,,AZ,,85256,US,33.50586,-111.787544,482388.0087,,157099.561,3383469.351,365,USD,1,,AIR,111,,AIR,343,1993,0,3000,SQFT,PEF+PES+PSL,,,,,,,,,,,EQ_ALL OTHER,PSH+PWH,,,,,,,,,,,WS_ALL OTHER,PFL,,,,,,,,,,,Flood_All,PNC,,,,,,,,,,,FR_All,,,,,,,,,,,,,,,,,,0,0,0,,,,0,,,0,,0,,,,,,,,,0,,,,1,0,,0,,,0,0,0,,,,0,0,,,,0,,,,,,,,,,,0,0,,,,,,,,,,,,All Other,All Other,,,,2600,2,909387.409,303.1291363,426999.4002,88.51783056,Yes,,21324416,ESTIMATE-1319504,393.817,1.36,100,-0.11,,,169.03,1,Outside Coverage Area,,58,,,,,,,,0,0,,-1.36,0,Ecopia,
2023_ Salt River Pima,196,Salt River Commercial Landfill,,,,,7/1/2023,7/1/2024,4660 BEELINE,SCOTTSDALE,Maricopa,,AZ,,85256,US,33.50586,-111.787544,160796.0029,,64735.95806,53107.49659,365,USD,1,,AIR,111,,AIR,314,1993,0,1000,SQFT,PEF+PES+PSL,,,,,,,,,,,EQ_ALL OTHER,PSH+PWH,,,,,,,,,,,WS_ALL OTHER,PFL,,,,,,,,,,,Flood_All,PNC,,,,,,,,,,,FR_All,,,,,,,,,,,,,,,,,,0,0,0,,,,0,,,0,,0,,,,,,,,,0,,,,0,0,,0,,,0,0,0,,,,0,0,,,,0,,,,,,,,,,,0,0,,,,,,,,,,,,All Other,All Other,,,,7110,2,216450.5731,216.4505731,55654.57017,34.61191147,Yes,,21324417,ESTIMATE-1319504,393.817,1.36,100,-0.11,,,169.03,1,Outside Coverage Area,,58,,,,,,,,0,0,,-1.36,0,Ecopia,
2023_ Salt River Pima,197,Salt River Commercial Landfill,,,,,7/1/2023,7/1/2024,4670 BEELINE,SCOTTSDALE,Maricopa,,AZ,,85256,US,33.506714,-111.78153,715997.296,,197276.7352,215054.6525,365,USD,1,,AIR,152,,AIR,314,1993,0,4450,SQFT,PEF+PES+PSL,,,,,,,,,,,EQ_ALL OTHER,PSH+PWH,,,,,,,,,,,WS_ALL OTHER,PFL,,,,,,,,,,,Flood_All,PNC,,,,,,,,,,,FR_All,,,,,,,,,,,,,,,,,,0,0,0,,,,0,,,0,,0,,,,,,,,,0,,,,0,0,,0,,,0,0,0,,,,0,0,,,,0,,,,,,,,,,,0,0,,,,,,,,,,,,All Other,All Other,,,,7110,3,751435.7496,168.8619662,35438.45367,4.949523394,Yes,,21324418,ESTIMATE-1319504,391.432,0.44,100,-2.594,,,392.165,1,Outside Coverage Area,,58,,,,,,,,0,0,,-0.44,0,Ecopia,
2023_ Salt River Pima,198,Salt River Commercial Landfill Company,,,,,7/1/2023,7/1/2024,WATER TOWER LANDFILL,Scottsdale,Maricopa,,AZ,,85256,US,,,53598.66764,,1650.11414,13009.79461,365,USD,1,,AIR,100,,AIR,362,,0,0,SQFT,PEF+PES+PSL,,,,,,,,,,,EQ_ALL OTHER,PSH+PWH,,,,,,,,,,,WS_ALL OTHER,PFL,,,,,,,,,,,Flood_All,PNC,,,,,,,,,,,FR_All,,,,,,,,,,,,,,,,,,0,0,0,,,,0,,,0,,0,,,,,,,,,0,,,,0,0,,0,,,0,0,0,,,,0,0,,,,0,,,,,,,,,,,0,0,,,,,,,,,,,,All Other,All Other,,,,,,,,,,No,Invalid Floor Area,,,,,,,,,,,,,,,,,,,,,,,,,,AIR,
2023_ Salt River Pima,199,Salt River Fields at Talking Stick,,,,,7/1/2023,7/1/2024,7555 PIMA,SCOTTSDALE,Maricopa,,AZ,,85258,US,33.54552,-111.89183,176653920.1,,15712183.12,48059464.58,365,USD,1,,AIR,100,,AIR,317,2011,3,0,SQFT,PEF+PES+PSL,,,,,,,,,,,EQ_ALL OTHER,PSH+PWH,,,,,,,,,,,WS_ALL OTHER,PFL,,,,,,,,,,,Flood_All,PNC,,,,,,,,,,,FR_All,,,,,,,,,,,,,,,,,,0,0,0,,,,0,,,0,,0,,,,,,,,,0,,,,1,0,,0,,,0,0,0,,,,0,0,,,,0,,,,,,,,,,,0,0,,,,,,,,,,,,All Other,All Other,,,,,,,,,,No,Invalid Floor Area,,,398.24,0.46,500,-0.023,,,61.561,1,Outside Coverage Area,,54,,,,,,,,0,0,100,-0.002,16.664,Ecopia,
2023_ Salt River Pima,200,Saddleback Communications Company,,,,,7/1/2023,7/1/2024,10190 MCKELLIPS,SCOTTSDALE,Maricopa,,AZ,,85256,US,33.455467,-111.86191,5341832.187,,1787266.924,7273707.932,365,USD,1,,AIR,111,,AIR,365,1980,1,36935,SQFT,PEF+PES+PSL,,,,,,,,,,,EQ_ALL OTHER,PSH+PWH,,,,,,,,,,,WS_ALL OTHER,PFL,,,,,,,,,,,Flood_All,PNC,,,,,,,,,,,FR_All,,,,,,,,,,,,,,,,,,0,0,0,,,,0,,,0,,0,,,,,,,,,0,,,,0,0,,0,,,0,0,0,,,,0,0,,,,0,,,,,,,,,,,0,0,,,,,,,,,,,,All Other,All Other,,,,2650,2,7252254.226,196.3518134,1910422.039,35.76342296,Yes,,21324419,ESTIMATE-1319504,367.393,0,,-0.046,,,7.623,1,Outside Coverage Area,,68,,,,,,,,0,0.6,20,1.576,226.737,Ecopia,
2023_ Salt River Pima,201,Saddleback Communications Company,,,,,7/1/2023,7/1/2024,10190 MCKELLIPS,SCOTTSDALE,Maricopa,,AZ,,85256,US,33.455467,-111.86191,1011295.616,,31134.22897,245467.8228,365,USD,1,,AIR,100,,AIR,365,,1,0,SQFT,PEF+PES+PSL,,,,,,,,,,,EQ_ALL OTHER,PSH+PWH,,,,,,,,,,,WS_ALL OTHER,PFL,,,,,,,,,,,Flood_All,PNC,,,,,,,,,,,FR_All,,,,,,,,,,,,,,,,,,0,0,0,,,,0,,,0,,0,,,,,,,,,0,,,,0,0,,0,,,0,0,0,,,,0,0,,,,0,,,,,,,,,,,0,0,,,,,,,,,,,,All Other,All Other,,,,,,,,,,No,Invalid Floor Area,,,367.393,0,,-0.046,,,7.623,1,Outside Coverage Area,,68,,,,,,,,0,0.6,20,1.576,226.737,Ecopia,
2023_ Salt River Pima,202,Saddleback Communications Company,,,,,7/1/2023,7/1/2024,10190 MCKELLIPS,SCOTTSDALE,Maricopa,,AZ,,85256,US,33.455467,-111.86191,0,,4594984.314,1082011.227,365,USD,1,,AIR,100,,AIR,365,,1,0,SQFT,PEF+PES+PSL,,,,,,,,,,,EQ_ALL OTHER,PSH+PWH,,,,,,,,,,,WS_ALL OTHER,PFL,,,,,,,,,,,Flood_All,PNC,,,,,,,,,,,FR_All,,,,,,,,,,,,,,,,,,0,0,0,,,,0,,,0,,0,,,,,,,,,0,,,,0,0,,0,,,0,0,0,,,,0,0,,,,0,,,,,,,,,,,0,0,,,,,,,,,,,,All Other,All Other,,,,,,,,,,No,Building Value should be greater than $ 1,,,367.393,0,,-0.046,,,7.623,1,Outside Coverage Area,,68,,,,,,,,0,0.6,20,1.576,226.737,Ecopia,
2023_ Salt River Pima,203,Saddleback Communications Company,,,,,7/1/2023,7/1/2024,10190 MCKELLIPS,SCOTTSDALE,Maricopa,,AZ,,85256,US,33.455467,-111.86191,350856.8784,,10801.64713,85162.1155,365,USD,1,,AIR,111,,AIR,365,1980,1,3128,SQFT,PEF+PES+PSL,,,,,,,,,,,EQ_ALL OTHER,PSH+PWH,,,,,,,,,,,WS_ALL OTHER,PFL,,,,,,,,,,,Flood_All,PNC,,,,,,,,,,,FR_All,,,,,,,,,,,,,,,,,,0,0,0,,,,0,,,0,,0,,,,,,,,,0,,,,1,0,,0,,,0,0,0,,,,0,0,,,,0,,,,,,,,,,,0,0,,,,,,,,,,,,All Other,All Other,,,,2650,2,753946.1313,241.0313719,403089.253,114.8870887,Yes,,21324420,ESTIMATE-1319504,367.393,0,,-0.046,,,7.623,1,Outside Coverage Area,,68,,,,,,,,0,0.6,20,1.576,226.737,Ecopia,
2023_ Salt River Pima,204,Saddleback Communications Company,,,,,7/1/2023,7/1/2024,10190 MCKELLIPS,SCOTTSDALE,Maricopa,,AZ,,85256,US,33.455467,-111.86191,1022063.892,,194776.3401,286537.3855,365,USD,1,,AIR,111,,AIR,365,1980,1,9112,SQFT,PEF+PES+PSL,,,,,,,,,,,EQ_ALL OTHER,PSH+PWH,,,,,,,,,,,WS_ALL OTHER,PFL,,,,,,,,,,,Flood_All,PNC,,,,,,,,,,,FR_All,,,,,,,,,,,,,,,,,,0,0,0,,,,0,,,0,,0,,,,,,,,,0,,,,1,0,,0,,,0,0,0,,,,0,0,,,,0,,,,,,,,,,,0,0,,,,,,,,,,,,All Other,All Other,,,,2650,2,1960779.543,215.186517,938715.6515,91.84510472,Yes,,21324421,ESTIMATE-1319504,367.393,0,,-0.046,,,7.623,1,Outside Coverage Area,,68,,,,,,,,0,0.6,20,1.576,226.737,Ecopia,
2023_ Salt River Pima,205,Saddleback Communications Company,,,,,7/1/2023,7/1/2024,10190 MCKELLIPS,SCOTTSDALE,Maricopa,,AZ,,85256,US,33.455467,-111.86191,0,,309235.943,11014708.82,365,USD,1,,AIR,100,,AIR,365,,1,0,SQFT,PEF+PES+PSL,,,,,,,,,,,EQ_ALL OTHER,PSH+PWH,,,,,,,,,,,WS_ALL OTHER,PFL,,,,,,,,,,,Flood_All,PNC,,,,,,,,,,,FR_All,,,,,,,,,,,,,,,,,,0,0,0,,,,0,,,0,,0,,,,,,,,,0,,,,0,0,,0,,,0,0,0,,,,0,0,,,,0,,,,,,,,,,,0,0,,,,,,,,,,,,All Other,All Other,,,,,,,,,,No,Building Value should be greater than $ 1,,,367.393,0,,-0.046,,,7.623,1,Outside Coverage Area,,68,,,,,,,,0,0.6,20,1.576,226.737,Ecopia,
2023_ Salt River Pima,206,Salt River Community Golf Enterprises,,,,,7/1/2023,7/1/2024,9998 TALKING STICK,SCOTTSDALE,Maricopa,,AZ,,85256,US,33.54351,-111.86799,5865514.572,,1579928.688,4981812.429,365,USD,1,,AIR,111,,AIR,317,1999,1,17500,SQFT,PEF+PES+PSL,,,,,,,,,,,EQ_ALL OTHER,PSH+PWH,,,,,,,,,,,WS_ALL OTHER,PFL,,,,,,,,,,,Flood_All,PNC,,,,,,,,,,,FR_All,,,,,,,,,,,,,,,,,,0,0,0,,,,0,,,0,,0,,,,,,,,,0,,,,1,0,,0,,,0,0,0,,,,0,0,,,,0,,,,,,,,,,,0,0,,,,,,,,,,,,All Other,All Other,,,,4220,2,4488424.572,256.4814041,-1377089.999,-23.47773554,Yes,,21324422,ESTIMATE-1319504,398.798,0.41,500,3.374,,,100.021,1,Outside Coverage Area,,44,,,,,,,,0,0.1,100,-0.699,116.931,Ecopia,
2023_ Salt River Pima,207,Salt River Community Golf Enterprises,,,,,7/1/2023,7/1/2024,9998 TALKING STICK,SCOTTSDALE,Maricopa,,AZ,,85256,US,33.54351,-111.86799,0,,0,0,365,USD,1,,AIR,152,,AIR,317,,0,0,SQFT,PEF+PES+PSL,,,,,,,,,,,EQ_ALL OTHER,PSH+PWH,,,,,,,,,,,WS_ALL OTHER,PFL,,,,,,,,,,,Flood_All,PNC,,,,,,,,,,,FR_All,,,,,,,,,,,,,,,,,,0,0,0,,,,0,,,0,,0,,,,,,,,,0,,,,0,0,,0,,,0,0,0,,,,0,0,,,,0,,,,,,,,,,,0,0,,,,,,,,,,,,All Other,All Other,,,,,,,,,,No,Building Value should be greater than $ 1,,,398.798,0.41,500,3.374,,,100.021,1,Outside Coverage Area,,44,,,,,,,,0,0.1,100,-0.699,116.931,Ecopia,
2023_ Salt River Pima,208,Salt River Community Golf Enterprises,,,,,7/1/2023,7/1/2024,9998 TALKING STICK,SCOTTSDALE,Maricopa,,AZ,,85256,US,33.54351,-111.86799,1314684.301,,267073.8969,372467.0229,365,USD,1,,AIR,152,,AIR,314,1998,1,9800,SQFT,PEF+PES+PSL,,,,,,,,,,,EQ_ALL OTHER,PSH+PWH,,,,,,,,,,,WS_ALL OTHER,PFL,,,,,,,,,,,Flood_All,PNC,,,,,,,,,,,FR_All,,,,,,,,,,,,,,,,,,0,0,0,,,,0,,,0,,0,,,,,,,,,0,,,,1,0,,0,,,0,0,0,,,,0,0,,,,0,,,,,,,,,,,0,0,,,,,,,,,,,,All Other,All Other,,,,7110,3,1511363.086,154.2207231,196678.7854,14.9601532,Yes,,21324423,ESTIMATE-1319504,398.798,0.41,500,3.374,,,100.021,1,Outside Coverage Area,,44,,,,,,,,0,0.1,100,-0.699,116.931,Ecopia,
2023_ Salt River Pima,209,Salt River Community Golf Enterprises,,,,,7/1/2023,7/1/2024,9998 TALKING STICK,SCOTTSDALE,Maricopa,,AZ,,85256,US,33.54351,-111.86799,0,,0,0,365,USD,1,,AIR,152,,AIR,325,1998,1,400,SQFT,PEF+PES+PSL,,,,,,,,,,,EQ_ALL OTHER,PSH+PWH,,,,,,,,,,,WS_ALL OTHER,PFL,,,,,,,,,,,Flood_All,PNC,,,,,,,,,,,FR_All,,,,,,,,,,,,,,,,,,0,0,0,,,,0,,,0,,0,,,,,,,,,0,,,,0,0,,0,,,0,0,0,,,,0,0,,,,0,,,,,,,,,,,0,0,,,,,,,,,,,,All Other,All Other,,,,,,,,,,No,Building Value should be greater than $ 1,,,398.798,0.41,500,3.374,,,100.021,1,Outside Coverage Area,,44,,,,,,,,0,0.1,100,-0.699,116.931,Ecopia,
2023_ Salt River Pima,210,Salt River Community Golf Enterprises,,,,,7/1/2023,7/1/2024,9965 TALKING STICK,SCOTTSDALE,Maricopa,,AZ,,85250,US,33.539856,-111.870995,4045182.463,,176076.2397,994007.5952,365,USD,1,,AIR,111,,AIR,346,2023,1,3386,SQFT,PEF+PES+PSL,,,,,,,,,,,EQ_ALL OTHER,PSH+PWH,,,,,,,,,,,WS_ALL OTHER,PFL,,,,,,,,,,,Flood_All,PNC,,,,,,,,,,,FR_All,,,,,,,,,,,,,,,,,,0,0,0,,,,0,,,0,,0,,,,,,,,,0,,,,1,0,,0,,,0,0,0,,,,0,0,,,,0,,,,,,,,,,,0,0,,,,,,,,,,,,All Other,All Other,,,,6314,2,845312.9314,249.6494186,-3199869.532,-79.10321873,Yes,,21324424,ESTIMATE-1319504,396.151,0,,0.727,,,299.065,1,Outside Coverage Area,,40,,,,,,,,0,0,100,-1.618,330.744,Ecopia,
2023_ Salt River Pima,211,Salt River Community Golf Enterprises,,,,,7/1/2023,7/1/2024,9989 TALKING STICK,SCOTTSDALE,Maricopa,,AZ,,85250,US,33.539856,-111.870995,1516943.424,,108548.5321,382765.2991,365,USD,1,,AIR,111,,AIR,331,2023,1,908,SQFT,PEF+PES+PSL,,,,,,,,,,,EQ_ALL OTHER,PSH+PWH,,,,,,,,,,,WS_ALL OTHER,PFL,,,,,,,,,,,Flood_All,PNC,,,,,,,,,,,FR_All,,,,,,,,,,,,,,,,,,0,0,0,,,,0,,,0,,0,,,,,,,,,0,,,,1,0,,0,,,0,0,0,,,,0,0,,,,0,,,,,,,,,,,0,0,,,,,,,,,,,,All Other,All Other,,,,4110,2,280014.6406,308.386168,-1236928.783,-81.5408646,Yes,,21324425,ESTIMATE-1319504,396.151,0,,0.727,,,299.065,1,Outside Coverage Area,,40,,,,,,,,0,0,100,-1.618,330.744,Ecopia,
2023_ Salt River Pima,212,Salt River Community Golf Enterprises,,,,,7/1/2023,7/1/2024,9858 TALKING STICK,SCOTTSDALE,Maricopa,,AZ,,85250,US,33.539856,-111.870995,101129.5616,,3113.4229,24546.78228,365,USD,1,,AIR,131,,AIR,314,2022,1,0,SQFT,PEF+PES+PSL,,,,,,,,,,,EQ_ALL OTHER,PSH+PWH,,,,,,,,,,,WS_ALL OTHER,PFL,,,,,,,,,,,Flood_All,PNC,,,,,,,,,,,FR_All,,,,,,,,,,,,,,,,,,0,0,0,,,,0,,,0,,0,,,,,,,,,0,,,,0,0,,0,,,0,0,0,,,,0,0,,,,0,,,,,,,,,,,0,0,,,,,,,,,,,,All Other,All Other,,,,,,,,,,No,Invalid Floor Area,,,396.151,0,,0.727,,,299.065,1,Outside Coverage Area,,40,,,,,,,,0,0,100,-1.618,330.744,Ecopia,
2023_ Salt River Pima,213,Salt River Community Property Development and Asset Manageme,,,,,7/1/2023,7/1/2024,8900 CHAPARRAL,SCOTTSDALE,Maricopa,,AZ,,85250,US,33.510666,-111.88899,0,,0,421326,365,USD,1,,AIR,100,,AIR,315,,0,0,SQFT,PEF+PES+PSL,,,,,,,,,,,EQ_ALL OTHER,PSH+PWH,,,,,,,,,,,WS_ALL OTHER,PFL,,,,,,,,,,,Flood_All,PNC,,,,,,,,,,,FR_All,,,,,,,,,,,,,,,,,,0,0,0,,,,0,,,0,,0,,,,,,,,,0,,,,0,0,,0,,,0,0,0,,,,0,0,,,,0,,,,,,,,,,,0,0,,,,,,,,,,,,All Other,All Other,,,,,,,,,,No,Building Value should be greater than $ 1,,,385.153,0,,1.741,,,157.252,1,Outside Coverage Area,,36,,,,,,,,0,0.3,100,2.464,1232.313,Ecopia,
2023_ Salt River Pima,214,Salt River Community Property Development and Asset Manageme,,,,,7/1/2023,7/1/2024,E CHAPARRAL RD,Scottsdale,Maricopa,,AZ,,85250,US,,,0,,0,8099984,365,USD,1,,AIR,100,,AIR,311,,0,0,SQFT,PEF+PES+PSL,,,,,,,,,,,EQ_ALL OTHER,PSH+PWH,,,,,,,,,,,WS_ALL OTHER,PFL,,,,,,,,,,,Flood_All,PNC,,,,,,,,,,,FR_All,,,,,,,,,,,,,,,,,,0,0,0,,,,0,,,0,,0,,,,,,,,,0,,,,0,0,,0,,,0,0,0,,,,0,0,,,,0,,,,,,,,,,,0,0,,,,,,,,,,,,All Other,All Other,,,,,,,,,,No,Building Value should be greater than $ 1,,,383.121,0,,0.678,,,20.257,1,Outside Coverage Area,,40,,,,,,,,0,0.1,100,-5.762,1466.803,AIR,
2023_ Salt River Pima,215,Salt River Community Property Development and Asset Manageme,,,,,7/1/2023,7/1/2024,8900 CHAPARRAL,SCOTTSDALE,Maricopa,,AZ,,85250,US,33.510666,-111.88899,7553063.566,,232532.2159,1833325.528,365,USD,1,,AIR,111,,AIR,315,2001,1,49953,SQFT,PEF+PES+PSL,,,,,,,,,,,EQ_ALL OTHER,PSH+PWH,,,,,,,,,,,WS_ALL OTHER,PFL,,,,,,,,,,,Flood_All,PNC,,,,,,,,,,,FR_All,,,,,,,,,,,,,,,,,,0,0,0,,,,0,,,0,,0,,,,,,,,,0,,,,1,0,,0,,,0,0,0,,,,0,0,,,,0,,,,,,,,,,,0,0,,,,,,,,,,,,All Other,All Other,,,,2100,2,8507509.707,170.3102858,954446.141,12.63654321,Yes,,21324426,ESTIMATE-1319504,385.153,0,,1.741,,,157.252,1,Outside Coverage Area,,36,,,,,,,,0,0.3,100,2.464,1232.313,Ecopia,
2023_ Salt River Pima,216,Salt River Community Property Development and Asset Manageme,,,,,7/1/2023,7/1/2024,8800 CHAPARRAL,SCOTTSDALE,Maricopa,,AZ,,85250,US,33.509945,-111.89099,12602159.19,,387976.0809,3058872.727,365,USD,1,,AIR,111,,AIR,315,2000,3,85599,SQFT,PEF+PES+PSL,,,,,,,,,,,EQ_ALL OTHER,PSH+PWH,,,,,,,,,,,WS_ALL OTHER,PFL,,,,,,,,,,,Flood_All,PNC,,,,,,,,,,,FR_All,,,,,,,,,,,,,,,,,,0,0,0,,,,0,,,0,,0,,,,,,,,,0,,,,1,0,,0,,,0,0,0,,,,0,0,,,,0,,,,,,,,,,,0,0,,,,,,,,,,,,All Other,All Other,,,,2100,2,14982071.46,175.026244,2379912.274,18.88495645,Yes,,21324427,ESTIMATE-1319504,382.825,0,,0.486,,,78.362,1,Outside Coverage Area,,40,,,,,,,,0,0.4,100,0.136,1040.73,Ecopia,
2023_ Salt River Pima,217,Salt River Community Property Development and Asset Manageme,,,,,7/1/2023,7/1/2024,8860 CHAPARRAL,SCOTTSDALE,Maricopa,,AZ,,85250,US,33.510666,-111.88899,10498866.56,,323223.1115,2548348.749,365,USD,1,,AIR,111,,AIR,315,2001,1,69882,SQFT,PEF+PES+PSL,,,,,,,,,,,EQ_ALL OTHER,PSH+PWH,,,,,,,,,,,WS_ALL OTHER,PFL,,,,,,,,,,,Flood_All,PNC,,,,,,,,,,,FR_All,,,,,,,,,,,,,,,,,,0,0,0,,,,0,,,0,,0,,,,,,,,,0,,,,1,0,,0,,,0,0,0,,,,0,0,,,,0,,,,,,,,,,,0,0,,,,,,,,,,,,All Other,All Other,,,,2100,2,11724355.34,167.773609,1225488.776,11.67258169,Yes,,21324428,ESTIMATE-1319504,385.153,0,,1.741,,,157.252,1,Outside Coverage Area,,36,,,,,,,,0,0.3,100,2.464,1232.313,Ecopia,
2023_ Salt River Pima,218,Salt River Community Property Development and Asset Manageme,,,,,7/1/2023,7/1/2024,8840 CHAPARRAL,SCOTTSDALE,Maricopa,,AZ,,85250,US,33.508213,-111.89061,10808727.54,,332762.6392,2623560.09,365,USD,1,,AIR,111,,AIR,315,2004,2,73400,SQFT,PEF+PES+PSL,,,,,,,,,,,EQ_ALL OTHER,PSH+PWH,,,,,,,,,,,WS_ALL OTHER,PFL,,,,,,,,,,,Flood_All,PNC,,,,,,,,,,,FR_All,,,,,,,,,,,,,,,,,,0,0,0,,,,0,,,0,,0,,,,,,,,,0,,,,1,0,,0,,,0,0,0,,,,0,0,,,,0,,,,,,,,,,,0,0,,,,,,,,,,,,All Other,All Other,,,,2100,2,12984472.33,176.9001679,2175744.785,20.12951827,Yes,,21324429,ESTIMATE-1319504,380.633,0,,-1.785,,,113.942,1,Outside Coverage Area,,44,,,,,,,,0,0.8,100,-2.056,947.609,Ecopia,
2023_ Salt River Pima,219,Salt River Community Property Development and Asset Manageme,,,,,7/1/2023,7/1/2024,8840 CHAPARRAL,SCOTTSDALE,Maricopa,,AZ,,85250,US,33.508213,-111.89061,0,,71486.15541,16833.31595,365,USD,1,,AIR,111,,AIR,315,2004,2,1641,SQFT,PEF+PES+PSL,,,,,,,,,,,EQ_ALL OTHER,PSH+PWH,,,,,,,,,,,WS_ALL OTHER,PFL,,,,,,,,,,,Flood_All,PNC,,,,,,,,,,,FR_All,,,,,,,,,,,,,,,,,,0,0,0,,,,0,,,0,,0,,,,,,,,,0,,,,1,0,,0,,,0,0,0,,,,0,0,,,,0,,,,,,,,,,,0,0,,,,,,,,,,,,All Other,All Other,,,,,,,,,,No,Building Value should be greater than $ 1,,,380.633,0,,-1.785,,,113.942,1,Outside Coverage Area,,44,,,,,,,,0,0.8,100,-2.056,947.609,Ecopia,
2023_ Salt River Pima,220,Salt River Community Property Development and Asset Manageme,,,,,7/1/2023,7/1/2024,5301 PIMA,SCOTTSDALE,Maricopa,,AZ,,85250,US,33.5139,-111.89089,10375083.98,,319412.2818,2518303.487,365,USD,1,,AIR,111,,AIR,315,2005,1,69197,SQFT,PEF+PES+PSL,,,,,,,,,,,EQ_ALL OTHER,PSH+PWH,,,,,,,,,,,WS_ALL OTHER,PFL,,,,,,,,,,,Flood_All,PNC,,,,,,,,,,,FR_All,,,,,,,,,,,,,,,,,,0,0,0,,,,0,,,0,,0,,,,,,,,,0,,,,1,0,,0,,,0,0,0,,,,0,0,,,,0,,,,,,,,,,,0,0,,,,,,,,,,,,All Other,All Other,,,,2100,2,11615368.14,167.8594179,1240284.157,11.95444933,Yes,,21324430,ESTIMATE-1319504,384.584,0,,-2.148,,,469.065,1,Outside Coverage Area,,68,,,,,,,,0,0,20,-4.456,1107.359,Ecopia,
2023_ Salt River Pima,221,Salt River Community Property Development and Asset Manageme,,,,,7/1/2023,7/1/2024,5401 PIMA,SCOTTSDALE,Maricopa,,AZ,,85250,US,33.51583,-111.890656,11698556.94,,360157.3512,2839544.893,365,USD,1,,AIR,111,,AIR,315,2005,1,69192,SQFT,PEF+PES+PSL,,,,,,,,,,,EQ_ALL OTHER,PSH+PWH,,,,,,,,,,,WS_ALL OTHER,PFL,,,,,,,,,,,Flood_All,PNC,,,,,,,,,,,FR_All,,,,,,,,,,,,,,,,,,0,0,0,,,,0,,,0,,0,,,,,,,,,0,,,,1,0,,0,,,0,0,0,,,,0,0,,,,0,,,,,,,,,,,0,0,,,,,,,,,,,,All Other,All Other,,,,2100,2,11614492.44,167.8588917,-84064.49961,-0.718588626,Yes,,21324327,ESTIMATE-1319503,385.633,0,,-1.099,,,340.406,1,Outside Coverage Area,,44,,,,,,,,0,0.5,100,-3.407,893.744,Ecopia,
2023_ Salt River Pima,222,Ba ag Ceksan Eagle Mark LLCC,,,,,7/1/2023,7/1/2024,5201 PIMA,SCOTTSDALE,Maricopa,,AZ,,85250,US,33.514,-111.88904,17289653.38,,3970278.626,11356855.24,365,USD,1,,AIR,111,,AIR,304,2012,3,96705,SQFT,PEF+PES+PSL,,,,,,,,,,,EQ_ALL OTHER,PSH+PWH,,,,,,,,,,,WS_ALL OTHER,PFL,,,,,,,,,,,Flood_All,PNC,,,,,,,,,,,FR_All,,,,,,,,,,,,,,,,,,0,0,0,,,,0,,,0,,0,,,,,,,,,0,,,,1,0,,0,,,0,0,0,,,,0,0,,,,0,,,,,,,,,,,0,0,,,,,,,,,,,,All Other,All Other,,,,1550,2,14964962.59,154.748592,-2324690.787,-13.44556039,Yes,,21324328,ESTIMATE-1319503,384.645,0,,-2.087,,,351.53,1,Outside Coverage Area,,68,,,,,,,,0,0,20,-4.801,1069.789,Ecopia,
2023_ Salt River Pima,223,Santeo Jeved LLC,,,,,7/1/2023,7/1/2024,5351 PIMA,SCOTTSDALE,Maricopa,,AZ,,85250,US,33.5139,-111.89089,17763952.27,,3556357.178,10338935.72,365,USD,1,,AIR,111,,AIR,304,2019,3,96705,SQFT,PEF+PES+PSL,,,,,,,,,,,EQ_ALL OTHER,PSH+PWH,,,,,,,,,,,WS_ALL OTHER,PFL,,,,,,,,,,,Flood_All,PNC,,,,,,,,,,,FR_All,,,,,,,,,,,,,,,,,,0,0,0,,,,0,,,0,,0,,,,,,,,,0,,,,1,0,,0,,,0,0,0,,,,0,0,,,,0,,,,,,,,,,,0,0,,,,,,,,,,,,All Other,All Other,,,,1550,2,14964962.59,154.748592,-2798989.674,-15.75657057,Yes,,21324328,ESTIMATE-1319503,384.584,0,,-2.148,,,469.065,1,Outside Coverage Area,,68,,,,,,,,0,0,20,-4.456,1107.359,Ecopia,
